"Date","Price","Open","High","Low","Change %"
"Jan 19, 2023","1,208.970","1,208.970","1,208.970","1,208.970","-0.73%"
"Jan 18, 2023","1,217.850","1,217.850","1,217.850","1,217.850","0.21%"
"Jan 17, 2023","1,215.310","1,215.310","1,215.310","1,215.310","0.18%"
"Jan 16, 2023","1,213.160","1,213.160","1,213.160","1,213.160","0.17%"
"Jan 13, 2023","1,211.120","1,211.120","1,211.120","1,211.120","0.21%"
"Jan 12, 2023","1,208.530","1,208.530","1,208.530","1,208.530","0.40%"
"Jan 11, 2023","1,203.680","1,203.680","1,203.680","1,203.680","0.56%"
"Jan 10, 2023","1,197.020","1,197.020","1,197.020","1,197.020","-0.26%"
"Jan 09, 2023","1,200.120","1,200.120","1,200.120","1,200.120","0.31%"
"Jan 06, 2023","1,196.370","1,196.370","1,196.370","1,196.370","0.73%"
"Jan 05, 2023","1,187.750","1,187.750","1,187.750","1,187.750","-0.16%"
"Jan 04, 2023","1,189.690","1,189.690","1,189.690","1,189.690","0.82%"
"Jan 03, 2023","1,179.990","1,179.990","1,179.990","1,179.990","0.74%"
"Jan 02, 2023","1,171.290","1,171.290","1,171.290","1,171.290","0.44%"
"Dec 30, 2022","1,166.150","1,166.150","1,166.150","1,166.150","-0.50%"
"Dec 29, 2022","1,171.970","1,171.970","1,171.970","1,171.970","0.31%"
"Dec 28, 2022","1,168.370","1,168.370","1,168.370","1,168.370","-0.14%"
"Dec 27, 2022","1,169.950","1,169.950","1,169.950","1,169.950","-0.26%"
"Dec 23, 2022","1,173.000","1,173.000","1,173.000","1,173.000","-0.03%"
"Dec 22, 2022","1,173.410","1,173.410","1,173.410","1,173.410","-0.61%"
"Dec 21, 2022","1,180.650","1,180.650","1,180.650","1,180.650","0.76%"
"Dec 20, 2022","1,171.800","1,171.800","1,171.800","1,171.800","-0.44%"
"Dec 19, 2022","1,177.030","1,177.030","1,177.030","1,177.030","-0.05%"
"Dec 16, 2022","1,177.620","1,177.620","1,177.620","1,177.620","-0.73%"
"Dec 15, 2022","1,186.260","1,186.260","1,186.260","1,186.260","-1.73%"
"Dec 14, 2022","1,207.200","1,207.200","1,207.200","1,207.200","-0.22%"
"Dec 13, 2022","1,209.860","1,209.860","1,209.860","1,209.860","-0.24%"
"Dec 12, 2022","1,212.780","1,212.780","1,212.780","1,212.780","-0.09%"
"Dec 09, 2022","1,213.920","1,213.920","1,213.920","1,213.920","-0.01%"
"Dec 08, 2022","1,214.090","1,214.090","1,214.090","1,214.090","-0.08%"
"Dec 07, 2022","1,215.030","1,215.030","1,215.030","1,215.030","-0.13%"
"Dec 06, 2022","1,216.660","1,216.660","1,216.660","1,216.660","-0.35%"
"Dec 05, 2022","1,220.980","1,220.980","1,220.980","1,220.980","-0.50%"
"Dec 02, 2022","1,227.170","1,227.170","1,227.170","1,227.170","-0.14%"
"Dec 01, 2022","1,228.880","1,228.880","1,228.880","1,228.880","0.36%"
"Nov 30, 2022","1,224.470","1,224.470","1,224.470","1,224.470","0.60%"
"Nov 29, 2022","1,217.180","1,217.180","1,217.180","1,217.180","0.17%"
"Nov 28, 2022","1,215.150","1,215.150","1,215.150","1,215.150","-0.48%"
"Nov 25, 2022","1,220.980","1,220.980","1,220.980","1,220.980","-0.26%"
"Nov 24, 2022","1,224.120","1,224.120","1,224.120","1,224.120","0.46%"
"Nov 23, 2022","1,218.520","1,218.520","1,218.520","1,218.520","0.22%"
"Nov 22, 2022","1,215.870","1,215.870","1,215.870","1,215.870","0.33%"
"Nov 21, 2022","1,211.840","1,211.840","1,211.840","1,211.840","0.25%"
"Nov 18, 2022","1,208.790","1,208.790","1,208.790","1,208.790","0.45%"
"Nov 17, 2022","1,203.420","1,203.420","1,203.420","1,203.420","-0.29%"
"Nov 16, 2022","1,206.910","1,206.910","1,206.910","1,206.910","-0.54%"
"Nov 15, 2022","1,213.460","1,213.460","1,213.460","1,213.460","0.32%"
"Nov 14, 2022","1,209.550","1,209.550","1,209.550","1,209.550","1.77%"
"Nov 08, 2022","1,188.490","1,188.490","1,188.490","1,188.490","0.26%"
"Nov 07, 2022","1,185.380","1,185.380","1,185.380","1,185.380","0.14%"
"Nov 04, 2022","1,183.750","1,183.750","1,183.750","1,183.750","0.42%"
"Nov 03, 2022","1,178.840","1,178.840","1,178.840","1,178.840","-0.60%"
"Nov 02, 2022","1,185.960","1,185.960","1,185.960","1,185.960","0.05%"
"Oct 31, 2022","1,185.410","1,185.410","1,185.410","1,185.410","0.26%"
"Oct 28, 2022","1,182.340","1,182.340","1,182.340","1,182.340","0.22%"
"Oct 27, 2022","1,179.790","1,179.790","1,179.790","1,179.790","0.33%"
"Oct 26, 2022","1,175.940","1,175.940","1,175.940","1,175.940","0.22%"
"Oct 25, 2022","1,173.300","1,173.300","1,173.300","1,173.300","0.77%"
"Oct 24, 2022","1,164.330","1,164.330","1,164.330","1,164.330","0.71%"
"Oct 21, 2022","1,156.120","1,156.120","1,156.120","1,156.120","0.01%"
"Oct 20, 2022","1,156.030","1,156.030","1,156.030","1,156.030","-0.14%"
"Oct 19, 2022","1,157.640","1,157.640","1,157.640","1,157.640","-0.30%"
"Oct 18, 2022","1,161.130","1,161.130","1,161.130","1,161.130","0.43%"
"Oct 17, 2022","1,156.150","1,156.150","1,156.150","1,156.150","0.55%"
"Oct 14, 2022","1,149.870","1,149.870","1,149.870","1,149.870","0.45%"
"Oct 13, 2022","1,144.710","1,144.710","1,144.710","1,144.710","0.11%"
"Oct 12, 2022","1,143.500","1,143.500","1,143.500","1,143.500","-0.37%"
"Oct 11, 2022","1,147.710","1,147.710","1,147.710","1,147.710","-0.63%"
"Oct 10, 2022","1,155.040","1,155.040","1,155.040","1,155.040","-0.22%"
"Oct 07, 2022","1,157.640","1,157.640","1,157.640","1,157.640","-1.08%"
"Oct 06, 2022","1,170.280","1,170.280","1,170.280","1,170.280","-0.16%"
"Oct 05, 2022","1,172.170","1,172.170","1,172.170","1,172.170","-0.25%"
"Oct 04, 2022","1,175.120","1,175.120","1,175.120","1,175.120","2.70%"
"Sep 29, 2022","1,144.180","1,144.180","1,144.180","1,144.180","-1.27%"
"Sep 28, 2022","1,158.950","1,158.950","1,158.950","1,158.950","-0.06%"
"Sep 27, 2022","1,159.680","1,159.680","1,159.680","1,159.680","-0.23%"
"Sep 26, 2022","1,162.370","1,162.370","1,162.370","1,162.370","-0.52%"
"Sep 23, 2022","1,168.440","1,168.440","1,168.440","1,168.440","-1.04%"
"Sep 22, 2022","1,180.730","1,180.730","1,180.730","1,180.730","-0.83%"
"Sep 21, 2022","1,190.650","1,190.650","1,190.650","1,190.650","0.34%"
"Sep 20, 2022","1,186.610","1,186.610","1,186.610","1,186.610","-0.57%"
"Sep 19, 2022","1,193.370","1,193.370","1,193.370","1,193.370","0.05%"
"Sep 16, 2022","1,192.830","1,192.830","1,192.830","1,192.830","-1.04%"
"Sep 15, 2022","1,205.310","1,205.310","1,205.310","1,205.310","-0.29%"
"Sep 14, 2022","1,208.820","1,208.820","1,208.820","1,208.820","-0.51%"
"Sep 13, 2022","1,214.990","1,214.990","1,214.990","1,214.990","-0.91%"
"Sep 12, 2022","1,226.120","1,226.120","1,226.120","1,226.120","0.57%"
"Sep 09, 2022","1,219.230","1,219.230","1,219.230","1,219.230","0.64%"
"Sep 08, 2022","1,211.450","1,211.450","1,211.450","1,211.450","0.30%"
"Sep 07, 2022","1,207.770","1,207.770","1,207.770","1,207.770","-0.13%"
"Sep 06, 2022","1,209.390","1,209.390","1,209.390","1,209.390","0.07%"
"Sep 05, 2022","1,208.550","1,208.550","1,208.550","1,208.550","-0.41%"
"Sep 02, 2022","1,213.560","1,213.560","1,213.560","1,213.560","0.64%"
"Sep 01, 2022","1,205.800","1,205.800","1,205.800","1,205.800","-0.59%"
"Aug 31, 2022","1,213.000","1,213.000","1,213.000","1,213.000","-0.69%"
"Aug 30, 2022","1,221.440","1,221.440","1,221.440","1,221.440","-0.65%"
"Aug 29, 2022","1,229.480","1,229.480","1,229.480","1,229.480","-0.72%"
"Aug 26, 2022","1,238.360","1,238.360","1,238.360","1,238.360","-0.93%"
"Aug 25, 2022","1,249.950","1,249.950","1,249.950","1,249.950","0.48%"
"Aug 24, 2022","1,243.920","1,243.920","1,243.920","1,243.920","0.01%"
"Aug 23, 2022","1,243.830","1,243.830","1,243.830","1,243.830","-0.28%"
"Aug 22, 2022","1,247.360","1,247.360","1,247.360","1,247.360","-0.86%"
"Aug 19, 2022","1,258.240","1,258.240","1,258.240","1,258.240","-0.55%"
"Aug 18, 2022","1,265.190","1,265.190","1,265.190","1,265.190","0.11%"
"Aug 17, 2022","1,263.760","1,263.760","1,263.760","1,263.760","-0.71%"
"Aug 16, 2022","1,272.850","1,272.850","1,272.850","1,272.850","0.47%"
"Aug 12, 2022","1,266.860","1,266.860","1,266.860","1,266.860","0.48%"
"Aug 11, 2022","1,260.800","1,260.800","1,260.800","1,260.800","0.24%"
"Aug 10, 2022","1,257.750","1,257.750","1,257.750","1,257.750","0.40%"
"Aug 09, 2022","1,252.760","1,252.760","1,252.760","1,252.760","-0.57%"
"Aug 08, 2022","1,259.900","1,259.900","1,259.900","1,259.900","0.19%"
"Aug 05, 2022","1,257.460","1,257.460","1,257.460","1,257.460","-0.29%"
"Aug 04, 2022","1,261.170","1,261.170","1,261.170","1,261.170","0.05%"
"Aug 03, 2022","1,260.530","1,260.530","1,260.530","1,260.530","0.27%"
"Aug 02, 2022","1,257.130","1,257.130","1,257.130","1,257.130","-0.05%"
"Aug 01, 2022","1,257.820","1,257.820","1,257.820","1,257.820","0.11%"
"Jul 29, 2022","1,256.480","1,256.480","1,256.480","1,256.480","0.64%"
"Jul 28, 2022","1,248.480","1,248.480","1,248.480","1,248.480","0.82%"
"Jul 27, 2022","1,238.270","1,238.270","1,238.270","1,238.270","0.55%"
"Jul 26, 2022","1,231.500","1,231.500","1,231.500","1,231.500","0.09%"
"Jul 25, 2022","1,230.380","1,230.380","1,230.380","1,230.380","0.08%"
"Jul 22, 2022","1,229.380","1,229.380","1,229.380","1,229.380","0.64%"
"Jul 20, 2022","1,221.620","1,221.620","1,221.620","1,221.620","0.56%"
"Jul 19, 2022","1,214.770","1,214.770","1,214.770","1,214.770","0.46%"
"Jul 18, 2022","1,209.170","1,209.170","1,209.170","1,209.170","0.02%"
"Jul 15, 2022","1,208.880","1,208.880","1,208.880","1,208.880","0.95%"
"Jul 14, 2022","1,197.480","1,197.480","1,197.480","1,197.480","-0.47%"
"Jul 13, 2022","1,203.180","1,203.180","1,203.180","1,203.180","-0.87%"
"Jul 12, 2022","1,213.690","1,213.690","1,213.690","1,213.690","0.26%"
"Jul 11, 2022","1,210.590","1,210.590","1,210.590","1,210.590","-0.15%"
"Jul 08, 2022","1,212.400","1,212.400","1,212.400","1,212.400","0.32%"
"Jul 07, 2022","1,208.520","1,208.520","1,208.520","1,208.520","0.86%"
"Jul 06, 2022","1,198.230","1,198.230","1,198.230","1,198.230","0.87%"
"Jul 05, 2022","1,187.880","1,187.880","1,187.880","1,187.880","-0.10%"
"Jul 04, 2022","1,189.100","1,189.100","1,189.100","1,189.100","0.04%"
"Jul 01, 2022","1,188.630","1,188.630","1,188.630","1,188.630","0.51%"
"Jun 30, 2022","1,182.600","1,182.600","1,182.600","1,182.600","-0.51%"
"Jun 29, 2022","1,188.610","1,188.610","1,188.610","1,188.610","-0.43%"
"Jun 28, 2022","1,193.700","1,193.700","1,193.700","1,193.700","-0.11%"
"Jun 27, 2022","1,195.000","1,195.000","1,195.000","1,195.000","-0.03%"
"Jun 24, 2022","1,195.380","1,195.380","1,195.380","1,195.380","1.33%"
"Jun 23, 2022","1,179.700","1,179.700","1,179.700","1,179.700","0.16%"
"Jun 22, 2022","1,177.850","1,177.850","1,177.850","1,177.850","-0.10%"
"Jun 21, 2022","1,178.980","1,178.980","1,178.980","1,178.980","0.47%"
"Jun 20, 2022","1,173.420","1,173.420","1,173.420","1,173.420","0.06%"
"Jun 17, 2022","1,172.660","1,172.660","1,172.660","1,172.660","0.36%"
"Jun 16, 2022","1,168.470","1,168.470","1,168.470","1,168.470","-1.88%"
"Jun 15, 2022","1,190.890","1,190.890","1,190.890","1,190.890","0.66%"
"Jun 14, 2022","1,183.060","1,183.060","1,183.060","1,183.060","-0.70%"
"Jun 13, 2022","1,191.440","1,191.440","1,191.440","1,191.440","-2.00%"
"Jun 10, 2022","1,215.740","1,215.740","1,215.740","1,215.740","-1.62%"
"Jun 09, 2022","1,235.810","1,235.810","1,235.810","1,235.810","-0.81%"
"Jun 08, 2022","1,245.930","1,245.930","1,245.930","1,245.930","-0.27%"
"Jun 07, 2022","1,249.330","1,249.330","1,249.330","1,249.330","0.20%"
"Jun 03, 2022","1,246.810","1,246.810","1,246.810","1,246.810","-0.28%"
"Jun 02, 2022","1,250.370","1,250.370","1,250.370","1,250.370","-0.06%"
"Jun 01, 2022","1,251.070","1,251.070","1,251.070","1,251.070","-0.24%"
"May 31, 2022","1,254.130","1,254.130","1,254.130","1,254.130","-0.45%"
"May 30, 2022","1,259.850","1,259.850","1,259.850","1,259.850","1.71%"
"May 25, 2022","1,238.610","1,238.610","1,238.610","1,238.610","0.80%"
"May 24, 2022","1,228.790","1,228.790","1,228.790","1,228.790","-0.84%"
"May 23, 2022","1,239.240","1,239.240","1,239.240","1,239.240","0.42%"
"May 20, 2022","1,234.100","1,234.100","1,234.100","1,234.100","0.26%"
"May 19, 2022","1,230.910","1,230.910","1,230.910","1,230.910","-0.83%"
"May 18, 2022","1,241.160","1,241.160","1,241.160","1,241.160","-0.73%"
"May 17, 2022","1,250.350","1,250.350","1,250.350","1,250.350","0.42%"
"May 16, 2022","1,245.180","1,245.180","1,245.180","1,245.180","-0.18%"
"May 13, 2022","1,247.450","1,247.450","1,247.450","1,247.450","1.18%"
"May 12, 2022","1,232.860","1,232.860","1,232.860","1,232.860","0.26%"
"May 11, 2022","1,229.680","1,229.680","1,229.680","1,229.680","0.41%"
"May 10, 2022","1,224.630","1,224.630","1,224.630","1,224.630","-0.40%"
"May 09, 2022","1,229.520","1,229.520","1,229.520","1,229.520","-0.83%"
"May 06, 2022","1,239.820","1,239.820","1,239.820","1,239.820","-1.24%"
"May 05, 2022","1,255.450","1,255.450","1,255.450","1,255.450","-0.29%"
"May 04, 2022","1,259.090","1,259.090","1,259.090","1,259.090","-0.24%"
"May 03, 2022","1,262.090","1,262.090","1,262.090","1,262.090","0.10%"
"May 02, 2022","1,260.810","1,260.810","1,260.810","1,260.810","-0.49%"
"Apr 29, 2022","1,266.960","1,266.960","1,266.960","1,266.960","-0.10%"
"Apr 28, 2022","1,268.230","1,268.230","1,268.230","1,268.230","0.30%"
"Apr 27, 2022","1,264.400","1,264.400","1,264.400","1,264.400","0.28%"
"Apr 26, 2022","1,260.930","1,260.930","1,260.930","1,260.930","-0.14%"
"Apr 25, 2022","1,262.670","1,262.670","1,262.670","1,262.670","-0.75%"
"Apr 22, 2022","1,272.210","1,272.210","1,272.210","1,272.210","-1.15%"
"Apr 21, 2022","1,286.970","1,286.970","1,286.970","1,286.970","-0.00%"
"Apr 20, 2022","1,287.000","1,287.000","1,287.000","1,287.000","0.36%"
"Apr 19, 2022","1,282.370","1,282.370","1,282.370","1,282.370","-0.37%"
"Apr 14, 2022","1,287.160","1,287.160","1,287.160","1,287.160","0.33%"
"Apr 13, 2022","1,282.930","1,282.930","1,282.930","1,282.930","0.02%"
"Apr 12, 2022","1,282.620","1,282.620","1,282.620","1,282.620","0.05%"
"Apr 11, 2022","1,282.000","1,282.000","1,282.000","1,282.000","-0.69%"
"Apr 08, 2022","1,290.960","1,290.960","1,290.960","1,290.960","0.51%"
"Apr 07, 2022","1,284.360","1,284.360","1,284.360","1,284.360","-0.16%"
"Apr 06, 2022","1,286.380","1,286.380","1,286.380","1,286.380","-1.14%"
"Apr 05, 2022","1,301.250","1,301.250","1,301.250","1,301.250","-0.30%"
"Apr 04, 2022","1,305.210","1,305.210","1,305.210","1,305.210","0.63%"
"Apr 01, 2022","1,297.080","1,297.080","1,297.080","1,297.080","0.07%"
"Mar 31, 2022","1,296.230","1,296.230","1,296.230","1,296.230","-0.17%"
"Mar 30, 2022","1,298.380","1,298.380","1,298.380","1,298.380","-0.43%"
"Mar 29, 2022","1,304.030","1,304.030","1,304.030","1,304.030","0.54%"
"Mar 28, 2022","1,297.050","1,297.050","1,297.050","1,297.050","0.21%"
"Mar 25, 2022","1,294.320","1,294.320","1,294.320","1,294.320","0.12%"
"Mar 24, 2022","1,292.740","1,292.740","1,292.740","1,292.740","-0.05%"
"Mar 23, 2022","1,293.390","1,293.390","1,293.390","1,293.390","-0.32%"
"Mar 22, 2022","1,297.540","1,297.540","1,297.540","1,297.540","0.46%"
"Mar 21, 2022","1,291.640","1,291.640","1,291.640","1,291.640","-0.04%"
"Mar 18, 2022","1,292.190","1,292.190","1,292.190","1,292.190","0.75%"
"Mar 17, 2022","1,282.540","1,282.540","1,282.540","1,282.540","0.05%"
"Mar 16, 2022","1,281.960","1,281.960","1,281.960","1,281.960","1.54%"
"Mar 15, 2022","1,262.570","1,262.570","1,262.570","1,262.570","0.16%"
"Mar 14, 2022","1,260.600","1,260.600","1,260.600","1,260.600","-0.19%"
"Mar 11, 2022","1,263.030","1,263.030","1,263.030","1,263.030","0.40%"
"Mar 10, 2022","1,258.060","1,258.060","1,258.060","1,258.060","-0.73%"
"Mar 09, 2022","1,267.320","1,267.320","1,267.320","1,267.320","1.24%"
"Mar 08, 2022","1,251.750","1,251.750","1,251.750","1,251.750","-0.60%"
"Mar 07, 2022","1,259.250","1,259.250","1,259.250","1,259.250","-1.08%"
"Mar 04, 2022","1,273.030","1,273.030","1,273.030","1,273.030","-1.08%"
"Mar 03, 2022","1,286.870","1,286.870","1,286.870","1,286.870","-0.54%"
"Mar 02, 2022","1,293.850","1,293.850","1,293.850","1,293.850","0.52%"
"Mar 01, 2022","1,287.210","1,287.210","1,287.210","1,287.210","-0.37%"
"Feb 28, 2022","1,291.990","1,291.990","1,291.990","1,291.990","-0.20%"
"Feb 25, 2022","1,294.590","1,294.590","1,294.590","1,294.590","1.34%"
"Feb 24, 2022","1,277.510","1,277.510","1,277.510","1,277.510","-1.19%"
"Feb 23, 2022","1,292.910","1,292.910","1,292.910","1,292.910","-0.14%"
"Feb 22, 2022","1,294.710","1,294.710","1,294.710","1,294.710","-0.37%"
"Feb 21, 2022","1,299.470","1,299.470","1,299.470","1,299.470","-0.70%"
"Feb 18, 2022","1,308.660","1,308.660","1,308.660","1,308.660","-0.39%"
"Feb 17, 2022","1,313.770","1,313.770","1,313.770","1,313.770","-0.38%"
"Feb 16, 2022","1,318.830","1,318.830","1,318.830","1,318.830","0.10%"
"Feb 15, 2022","1,317.520","1,317.520","1,317.520","1,317.520","0.60%"
"Feb 14, 2022","1,309.630","1,309.630","1,309.630","1,309.630","-0.77%"
"Feb 11, 2022","1,319.850","1,319.850","1,319.850","1,319.850","-0.53%"
"Feb 10, 2022","1,326.820","1,326.820","1,326.820","1,326.820","-0.30%"
"Feb 09, 2022","1,330.870","1,330.870","1,330.870","1,330.870","0.96%"
"Feb 08, 2022","1,318.220","1,318.220","1,318.220","1,318.220","0.20%"
"Feb 07, 2022","1,315.590","1,315.590","1,315.590","1,315.590","0.04%"
"Feb 04, 2022","1,315.070","1,315.070","1,315.070","1,315.070","-0.96%"
"Feb 03, 2022","1,327.860","1,327.860","1,327.860","1,327.860","-1.19%"
"Feb 02, 2022","1,343.840","1,343.840","1,343.840","1,343.840","0.23%"
"Feb 01, 2022","1,340.700","1,340.700","1,340.700","1,340.700","0.49%"
"Jan 31, 2022","1,334.140","1,334.140","1,334.140","1,334.140","0.50%"
"Jan 28, 2022","1,327.540","1,327.540","1,327.540","1,327.540","-0.45%"
"Jan 27, 2022","1,333.530","1,333.530","1,333.530","1,333.530","0.18%"
"Jan 26, 2022","1,331.190","1,331.190","1,331.190","1,331.190","0.80%"
"Jan 25, 2022","1,320.580","1,320.580","1,320.580","1,320.580","0.16%"
"Jan 24, 2022","1,318.530","1,318.530","1,318.530","1,318.530","-1.57%"
"Jan 21, 2022","1,339.600","1,339.600","1,339.600","1,339.600","-0.85%"
"Jan 20, 2022","1,351.050","1,351.050","1,351.050","1,351.050","0.17%"
"Jan 19, 2022","1,348.810","1,348.810","1,348.810","1,348.810","-0.22%"
"Jan 18, 2022","1,351.760","1,351.760","1,351.760","1,351.760","-0.63%"
"Jan 17, 2022","1,360.300","1,360.300","1,360.300","1,360.300","0.28%"
"Jan 14, 2022","1,356.440","1,356.440","1,356.440","1,356.440","-0.48%"
"Jan 13, 2022","1,362.960","1,362.960","1,362.960","1,362.960","-0.12%"
"Jan 12, 2022","1,364.610","1,364.610","1,364.610","1,364.610","0.31%"
"Jan 11, 2022","1,360.360","1,360.360","1,360.360","1,360.360","0.41%"
"Jan 10, 2022","1,354.820","1,354.820","1,354.820","1,354.820","-0.53%"
"Jan 07, 2022","1,361.980","1,361.980","1,361.980","1,361.980","-0.27%"
"Jan 06, 2022","1,365.600","1,365.600","1,365.600","1,365.600","-0.69%"
"Jan 05, 2022","1,375.140","1,375.140","1,375.140","1,375.140","-0.18%"
"Jan 04, 2022","1,377.640","1,377.640","1,377.640","1,377.640","0.36%"
"Jan 03, 2022","1,372.720","1,372.720","1,372.720","1,372.720","0.37%"
"Dec 31, 2021","1,367.610","1,367.610","1,367.610","1,367.610","-0.22%"
"Dec 30, 2021","1,370.580","1,370.580","1,370.580","1,370.580","0.17%"
"Dec 29, 2021","1,368.240","1,368.240","1,368.240","1,368.240","-0.16%"
"Dec 28, 2021","1,370.400","1,370.400","1,370.400","1,370.400","0.23%"
"Dec 27, 2021","1,367.270","1,367.270","1,367.270","1,367.270","0.26%"
"Dec 24, 2021","1,363.710","1,363.710","1,363.710","1,363.710","-0.08%"
"Dec 23, 2021","1,364.790","1,364.790","1,364.790","1,364.790","0.51%"
"Dec 22, 2021","1,357.910","1,357.910","1,357.910","1,357.910","0.34%"
"Dec 21, 2021","1,353.370","1,353.370","1,353.370","1,353.370","0.84%"
"Dec 20, 2021","1,342.150","1,342.150","1,342.150","1,342.150","-0.98%"
"Dec 17, 2021","1,355.480","1,355.480","1,355.480","1,355.480","-0.35%"
"Dec 16, 2021","1,360.250","1,360.250","1,360.250","1,360.250","0.37%"
"Dec 15, 2021","1,355.200","1,355.200","1,355.200","1,355.200","0.16%"
"Dec 14, 2021","1,353.020","1,353.020","1,353.020","1,353.020","-2.27%"
"Dec 13, 2021","1,384.380","1,384.380","1,384.380","1,384.380","-0.17%"
"Dec 10, 2021","1,386.670","1,386.670","1,386.670","1,386.670","-0.14%"
"Dec 09, 2021","1,388.570","1,388.570","1,388.570","1,388.570","0.06%"
"Dec 08, 2021","1,387.670","1,387.670","1,387.670","1,387.670","-0.40%"
"Dec 07, 2021","1,393.280","1,393.280","1,393.280","1,393.280","1.29%"
"Dec 06, 2021","1,375.590","1,375.590","1,375.590","1,375.590","0.43%"
"Dec 03, 2021","1,369.690","1,369.690","1,369.690","1,369.690","0.00%"
"Dec 02, 2021","1,369.660","1,369.660","1,369.660","1,369.660","-0.31%"
"Dec 01, 2021","1,373.900","1,373.900","1,373.900","1,373.900","0.42%"
"Nov 30, 2021","1,368.120","1,368.120","1,368.120","1,368.120","-0.47%"
"Nov 29, 2021","1,374.570","1,374.570","1,374.570","1,374.570","0.49%"
"Nov 26, 2021","1,367.880","1,367.880","1,367.880","1,367.880","-1.95%"
"Nov 25, 2021","1,395.070","1,395.070","1,395.070","1,395.070","0.14%"
"Nov 24, 2021","1,393.110","1,393.110","1,393.110","1,393.110","0.06%"
"Nov 23, 2021","1,392.210","1,392.210","1,392.210","1,392.210","-0.65%"
"Nov 22, 2021","1,401.250","1,401.250","1,401.250","1,401.250","0.11%"
"Nov 19, 2021","1,399.750","1,399.750","1,399.750","1,399.750","0.02%"
"Nov 18, 2021","1,399.440","1,399.440","1,399.440","1,399.440","-0.20%"
"Nov 17, 2021","1,402.220","1,402.220","1,402.220","1,402.220","0.02%"
"Nov 16, 2021","1,402.000","1,402.000","1,402.000","1,402.000","0.35%"
"Nov 12, 2021","1,397.160","1,397.160","1,397.160","1,397.160","0.33%"
"Nov 10, 2021","1,392.540","1,392.540","1,392.540","1,392.540","0.08%"
"Nov 09, 2021","1,391.440","1,391.440","1,391.440","1,391.440","0.00%"
"Nov 08, 2021","1,391.380","1,391.380","1,391.380","1,391.380","-0.05%"
"Nov 05, 2021","1,392.060","1,392.060","1,392.060","1,392.060","0.33%"
"Nov 04, 2021","1,387.460","1,387.460","1,387.460","1,387.460","0.54%"
"Nov 03, 2021","1,380.060","1,380.060","1,380.060","1,380.060","0.16%"
"Nov 02, 2021","1,377.910","1,377.910","1,377.910","1,377.910","0.48%"
"Oct 29, 2021","1,371.280","1,371.280","1,371.280","1,371.280","0.25%"
"Oct 28, 2021","1,367.880","1,367.880","1,367.880","1,367.880","-0.26%"
"Oct 27, 2021","1,371.390","1,371.390","1,371.390","1,371.390","-0.13%"
"Oct 26, 2021","1,373.220","1,373.220","1,373.220","1,373.220","0.37%"
"Oct 25, 2021","1,368.100","1,368.100","1,368.100","1,368.100","0.16%"
"Oct 22, 2021","1,365.900","1,365.900","1,365.900","1,365.900","0.14%"
"Oct 21, 2021","1,363.960","1,363.960","1,363.960","1,363.960","-0.14%"
"Oct 20, 2021","1,365.940","1,365.940","1,365.940","1,365.940","0.19%"
"Oct 19, 2021","1,363.310","1,363.310","1,363.310","1,363.310","0.06%"
"Oct 18, 2021","1,362.560","1,362.560","1,362.560","1,362.560","-0.13%"
"Oct 15, 2021","1,364.380","1,364.380","1,364.380","1,364.380","0.41%"
"Oct 14, 2021","1,358.800","1,358.800","1,358.800","1,358.800","0.82%"
"Oct 13, 2021","1,347.710","1,347.710","1,347.710","1,347.710","0.13%"
"Oct 12, 2021","1,345.960","1,345.960","1,345.960","1,345.960","-0.22%"
"Oct 11, 2021","1,348.930","1,348.930","1,348.930","1,348.930","-0.12%"
"Oct 08, 2021","1,350.490","1,350.490","1,350.490","1,350.490","-0.32%"
"Oct 07, 2021","1,354.860","1,354.860","1,354.860","1,354.860","0.96%"
"Oct 06, 2021","1,341.950","1,341.950","1,341.950","1,341.950","-0.43%"
"Oct 05, 2021","1,347.760","1,347.760","1,347.760","1,347.760","0.58%"
"Oct 04, 2021","1,340.010","1,340.010","1,340.010","1,340.010","-0.48%"
"Oct 01, 2021","1,346.420","1,346.420","1,346.420","1,346.420","-0.15%"
"Sep 30, 2021","1,348.450","1,348.450","1,348.450","1,348.450","-0.13%"
"Sep 29, 2021","1,350.260","1,350.260","1,350.260","1,350.260","0.19%"
"Sep 28, 2021","1,347.690","1,347.690","1,347.690","1,347.690","-0.99%"
"Sep 27, 2021","1,361.110","1,361.110","1,361.110","1,361.110","-0.06%"
"Sep 24, 2021","1,361.900","1,361.900","1,361.900","1,361.900","-0.34%"
"Sep 23, 2021","1,366.580","1,366.580","1,366.580","1,366.580","0.42%"
"Sep 22, 2021","1,360.870","1,360.870","1,360.870","1,360.870","0.36%"
"Sep 21, 2021","1,356.050","1,356.050","1,356.050","1,356.050","0.43%"
"Sep 20, 2021","1,350.310","1,350.310","1,350.310","1,350.310","-0.95%"
"Sep 17, 2021","1,363.230","1,363.230","1,363.230","1,363.230","-0.23%"
"Sep 16, 2021","1,366.400","1,366.400","1,366.400","1,366.400","0.21%"
"Sep 15, 2021","1,363.470","1,363.470","1,363.470","1,363.470","-0.23%"
"Sep 14, 2021","1,366.670","1,366.670","1,366.670","1,366.670","-0.03%"
"Sep 13, 2021","1,367.080","1,367.080","1,367.080","1,367.080","-0.00%"
"Sep 10, 2021","1,367.140","1,367.140","1,367.140","1,367.140","-0.20%"
"Sep 09, 2021","1,369.880","1,369.880","1,369.880","1,369.880","0.03%"
"Sep 08, 2021","1,369.440","1,369.440","1,369.440","1,369.440","-0.29%"
"Sep 07, 2021","1,373.390","1,373.390","1,373.390","1,373.390","-0.29%"
"Sep 06, 2021","1,377.390","1,377.390","1,377.390","1,377.390","0.34%"
"Sep 03, 2021","1,372.790","1,372.790","1,372.790","1,372.790","-0.19%"
"Sep 02, 2021","1,375.460","1,375.460","1,375.460","1,375.460","0.15%"
"Sep 01, 2021","1,373.450","1,373.450","1,373.450","1,373.450","0.05%"
"Aug 31, 2021","1,372.830","1,372.830","1,372.830","1,372.830","-0.14%"
"Aug 30, 2021","1,374.770","1,374.770","1,374.770","1,374.770","0.12%"
"Aug 27, 2021","1,373.060","1,373.060","1,373.060","1,373.060","0.25%"
"Aug 26, 2021","1,369.580","1,369.580","1,369.580","1,369.580","-0.27%"
"Aug 25, 2021","1,373.270","1,373.270","1,373.270","1,373.270","0.03%"
"Aug 24, 2021","1,372.840","1,372.840","1,372.840","1,372.840","0.12%"
"Aug 23, 2021","1,371.160","1,371.160","1,371.160","1,371.160","0.37%"
"Aug 20, 2021","1,366.130","1,366.130","1,366.130","1,366.130","0.11%"
"Aug 19, 2021","1,364.630","1,364.630","1,364.630","1,364.630","-0.57%"
"Aug 18, 2021","1,372.500","1,372.500","1,372.500","1,372.500","0.05%"
"Aug 17, 2021","1,371.780","1,371.780","1,371.780","1,371.780","-0.03%"
"Aug 16, 2021","1,372.230","1,372.230","1,372.230","1,372.230","-0.24%"
"Aug 13, 2021","1,375.500","1,375.500","1,375.500","1,375.500","-0.07%"
"Aug 12, 2021","1,376.470","1,376.470","1,376.470","1,376.470","0.12%"
"Aug 11, 2021","1,374.770","1,374.770","1,374.770","1,374.770","0.08%"
"Aug 10, 2021","1,373.640","1,373.640","1,373.640","1,373.640","0.21%"
"Aug 09, 2021","1,370.780","1,370.780","1,370.780","1,370.780","0.07%"
"Aug 06, 2021","1,369.800","1,369.800","1,369.800","1,369.800","0.18%"
"Aug 05, 2021","1,367.350","1,367.350","1,367.350","1,367.350","0.18%"
"Aug 04, 2021","1,364.910","1,364.910","1,364.910","1,364.910","0.32%"
"Aug 03, 2021","1,360.600","1,360.600","1,360.600","1,360.600","0.03%"
"Aug 02, 2021","1,360.190","1,360.190","1,360.190","1,360.190","0.10%"
"Jul 29, 2021","1,358.810","1,358.810","1,358.810","1,358.810","0.18%"
"Jul 28, 2021","1,356.410","1,356.410","1,356.410","1,356.410","0.41%"
"Jul 27, 2021","1,350.830","1,350.830","1,350.830","1,350.830","-0.44%"
"Jul 26, 2021","1,356.850","1,356.850","1,356.850","1,356.850","-0.30%"
"Jul 23, 2021","1,360.880","1,360.880","1,360.880","1,360.880","0.44%"
"Jul 22, 2021","1,354.880","1,354.880","1,354.880","1,354.880","0.86%"
"Jul 20, 2021","1,343.370","1,343.370","1,343.370","1,343.370","0.65%"
"Jul 19, 2021","1,334.740","1,334.740","1,334.740","1,334.740","-1.09%"
"Jul 16, 2021","1,349.510","1,349.510","1,349.510","1,349.510","-0.12%"
"Jul 15, 2021","1,351.170","1,351.170","1,351.170","1,351.170","-0.34%"
"Jul 14, 2021","1,355.810","1,355.810","1,355.810","1,355.810","0.03%"
"Jul 13, 2021","1,355.360","1,355.360","1,355.360","1,355.360","0.13%"
"Jul 12, 2021","1,353.600","1,353.600","1,353.600","1,353.600","0.32%"
"Jul 09, 2021","1,349.220","1,349.220","1,349.220","1,349.220","0.60%"
"Jul 08, 2021","1,341.140","1,341.140","1,341.140","1,341.140","-0.94%"
"Jul 07, 2021","1,353.880","1,353.880","1,353.880","1,353.880","0.41%"
"Jul 06, 2021","1,348.380","1,348.380","1,348.380","1,348.380","-0.14%"
"Jul 05, 2021","1,350.250","1,350.250","1,350.250","1,350.250","0.07%"
"Jul 02, 2021","1,349.360","1,349.360","1,349.360","1,349.360","0.15%"
"Jul 01, 2021","1,347.330","1,347.330","1,347.330","1,347.330","0.15%"
"Jun 30, 2021","1,345.250","1,345.250","1,345.250","1,345.250","-0.08%"
"Jun 29, 2021","1,346.320","1,346.320","1,346.320","1,346.320","0.19%"
"Jun 28, 2021","1,343.730","1,343.730","1,343.730","1,343.730","-0.05%"
"Jun 25, 2021","1,344.420","1,344.420","1,344.420","1,344.420","0.10%"
"Jun 24, 2021","1,343.120","1,343.120","1,343.120","1,343.120","0.43%"
"Jun 23, 2021","1,337.310","1,337.310","1,337.310","1,337.310","-0.17%"
"Jun 22, 2021","1,339.590","1,339.590","1,339.590","1,339.590","0.21%"
"Jun 21, 2021","1,336.720","1,336.720","1,336.720","1,336.720","0.00%"
"Jun 18, 2021","1,336.670","1,336.670","1,336.670","1,336.670","-0.36%"
"Jun 17, 2021","1,341.450","1,341.450","1,341.450","1,341.450","0.35%"
"Jun 16, 2021","1,336.830","1,336.830","1,336.830","1,336.830","-0.01%"
"Jun 15, 2021","1,336.900","1,336.900","1,336.900","1,336.900","-0.04%"
"Jun 14, 2021","1,337.430","1,337.430","1,337.430","1,337.430","-0.01%"
"Jun 11, 2021","1,337.630","1,337.630","1,337.630","1,337.630","0.39%"
"Jun 10, 2021","1,332.410","1,332.410","1,332.410","1,332.410","0.11%"
"Jun 09, 2021","1,330.970","1,330.970","1,330.970","1,330.970","0.08%"
"Jun 08, 2021","1,329.840","1,329.840","1,329.840","1,329.840","-0.01%"
"Jun 07, 2021","1,329.930","1,329.930","1,329.930","1,329.930","-0.03%"
"Jun 04, 2021","1,330.370","1,330.370","1,330.370","1,330.370","0.22%"
"Jun 03, 2021","1,327.490","1,327.490","1,327.490","1,327.490","0.02%"
"Jun 02, 2021","1,327.270","1,327.270","1,327.270","1,327.270","0.23%"
"Jun 01, 2021","1,324.220","1,324.220","1,324.220","1,324.220","0.34%"
"May 31, 2021","1,319.730","1,319.730","1,319.730","1,319.730","-0.13%"
"May 28, 2021","1,321.450","1,321.450","1,321.450","1,321.450","0.24%"
"May 27, 2021","1,318.280","1,318.280","1,318.280","1,318.280","0.23%"
"May 26, 2021","1,315.230","1,315.230","1,315.230","1,315.230","0.06%"
"May 25, 2021","1,314.500","1,314.500","1,314.500","1,314.500","0.20%"
"May 21, 2021","1,311.840","1,311.840","1,311.840","1,311.840","0.38%"
"May 20, 2021","1,306.840","1,306.840","1,306.840","1,306.840","0.69%"
"May 19, 2021","1,297.900","1,297.900","1,297.900","1,297.900","-0.96%"
"May 18, 2021","1,310.470","1,310.470","1,310.470","1,310.470","0.17%"
"May 17, 2021","1,308.280","1,308.280","1,308.280","1,308.280","0.35%"
"May 12, 2021","1,303.780","1,303.780","1,303.780","1,303.780","-0.18%"
"May 11, 2021","1,306.110","1,306.110","1,306.110","1,306.110","-1.15%"
"May 10, 2021","1,321.310","1,321.310","1,321.310","1,321.310","0.05%"
"May 07, 2021","1,320.710","1,320.710","1,320.710","1,320.710","0.47%"
"May 06, 2021","1,314.580","1,314.580","1,314.580","1,314.580","-0.16%"
"May 05, 2021","1,316.650","1,316.650","1,316.650","1,316.650","0.70%"
"May 04, 2021","1,307.500","1,307.500","1,307.500","1,307.500","-0.47%"
"May 03, 2021","1,313.630","1,313.630","1,313.630","1,313.630","0.07%"
"Apr 30, 2021","1,312.740","1,312.740","1,312.740","1,312.740","-0.03%"
"Apr 29, 2021","1,313.150","1,313.150","1,313.150","1,313.150","-0.01%"
"Apr 28, 2021","1,313.300","1,313.300","1,313.300","1,313.300","0.02%"
"Apr 27, 2021","1,313.080","1,313.080","1,313.080","1,313.080","-0.08%"
"Apr 26, 2021","1,314.110","1,314.110","1,314.110","1,314.110","0.15%"
"Apr 23, 2021","1,312.200","1,312.200","1,312.200","1,312.200","0.10%"
"Apr 22, 2021","1,310.930","1,310.930","1,310.930","1,310.930","0.37%"
"Apr 21, 2021","1,306.100","1,306.100","1,306.100","1,306.100","0.26%"
"Apr 20, 2021","1,302.680","1,302.680","1,302.680","1,302.680","-0.80%"
"Apr 19, 2021","1,313.220","1,313.220","1,313.220","1,313.220","-0.18%"
"Apr 16, 2021","1,315.620","1,315.620","1,315.620","1,315.620","0.29%"
"Apr 15, 2021","1,311.860","1,311.860","1,311.860","1,311.860","0.45%"
"Apr 13, 2021","1,305.980","1,305.980","1,305.980","1,305.980","-0.07%"
"Apr 12, 2021","1,306.920","1,306.920","1,306.920","1,306.920","-0.18%"
"Apr 09, 2021","1,309.270","1,309.270","1,309.270","1,309.270","0.06%"
"Apr 08, 2021","1,308.530","1,308.530","1,308.530","1,308.530","0.17%"
"Apr 07, 2021","1,306.250","1,306.250","1,306.250","1,306.250","-0.36%"
"Apr 06, 2021","1,310.990","1,310.990","1,310.990","1,310.990","0.34%"
"Apr 01, 2021","1,306.520","1,306.520","1,306.520","1,306.520","0.62%"
"Mar 31, 2021","1,298.420","1,298.420","1,298.420","1,298.420","-0.01%"
"Mar 30, 2021","1,298.530","1,298.530","1,298.530","1,298.530","0.26%"
"Mar 29, 2021","1,295.150","1,295.150","1,295.150","1,295.150","0.03%"
"Mar 26, 2021","1,294.800","1,294.800","1,294.800","1,294.800","0.83%"
"Mar 25, 2021","1,284.160","1,284.160","1,284.160","1,284.160","-0.13%"
"Mar 24, 2021","1,285.860","1,285.860","1,285.860","1,285.860","-0.20%"
"Mar 23, 2021","1,288.410","1,288.410","1,288.410","1,288.410","-0.30%"
"Mar 22, 2021","1,292.260","1,292.260","1,292.260","1,292.260","-0.02%"
"Mar 19, 2021","1,292.470","1,292.470","1,292.470","1,292.470","-0.51%"
"Mar 18, 2021","1,299.040","1,299.040","1,299.040","1,299.040","0.16%"
"Mar 17, 2021","1,296.920","1,296.920","1,296.920","1,296.920","-0.31%"
"Mar 16, 2021","1,300.960","1,300.960","1,300.960","1,300.960","0.44%"
"Mar 15, 2021","1,295.320","1,295.320","1,295.320","1,295.320","0.08%"
"Mar 12, 2021","1,294.270","1,294.270","1,294.270","1,294.270","-0.24%"
"Mar 11, 2021","1,297.420","1,297.420","1,297.420","1,297.420","0.74%"
"Mar 10, 2021","1,287.890","1,287.890","1,287.890","1,287.890","0.23%"
"Mar 09, 2021","1,284.880","1,284.880","1,284.880","1,284.880","0.49%"
"Mar 08, 2021","1,278.570","1,278.570","1,278.570","1,278.570","0.58%"
"Mar 05, 2021","1,271.210","1,271.210","1,271.210","1,271.210","-0.40%"
"Mar 04, 2021","1,276.260","1,276.260","1,276.260","1,276.260","-0.65%"
"Mar 03, 2021","1,284.670","1,284.670","1,284.670","1,284.670","-0.14%"
"Mar 02, 2021","1,286.500","1,286.500","1,286.500","1,286.500","-0.20%"
"Mar 01, 2021","1,289.070","1,289.070","1,289.070","1,289.070","1.35%"
"Feb 26, 2021","1,271.900","1,271.900","1,271.900","1,271.900","-0.86%"
"Feb 25, 2021","1,282.970","1,282.970","1,282.970","1,282.970","-0.50%"
"Feb 24, 2021","1,289.440","1,289.440","1,289.440","1,289.440","0.02%"
"Feb 23, 2021","1,289.140","1,289.140","1,289.140","1,289.140","-0.37%"
"Feb 22, 2021","1,293.910","1,293.910","1,293.910","1,293.910","-0.61%"
"Feb 19, 2021","1,301.900","1,301.900","1,301.900","1,301.900","0.09%"
"Feb 18, 2021","1,300.720","1,300.720","1,300.720","1,300.720","-0.54%"
"Feb 17, 2021","1,307.730","1,307.730","1,307.730","1,307.730","-0.21%"
"Feb 16, 2021","1,310.450","1,310.450","1,310.450","1,310.450","0.01%"
"Feb 15, 2021","1,310.380","1,310.380","1,310.380","1,310.380","0.14%"
"Feb 12, 2021","1,308.590","1,308.590","1,308.590","1,308.590","0.24%"
"Feb 11, 2021","1,305.440","1,305.440","1,305.440","1,305.440","0.24%"
"Feb 10, 2021","1,302.370","1,302.370","1,302.370","1,302.370","0.06%"
"Feb 09, 2021","1,301.650","1,301.650","1,301.650","1,301.650","0.01%"
"Feb 08, 2021","1,301.500","1,301.500","1,301.500","1,301.500","0.31%"
"Feb 05, 2021","1,297.460","1,297.460","1,297.460","1,297.460","0.26%"
"Feb 04, 2021","1,294.070","1,294.070","1,294.070","1,294.070","0.33%"
"Feb 03, 2021","1,289.790","1,289.790","1,289.790","1,289.790","0.17%"
"Feb 02, 2021","1,287.590","1,287.590","1,287.590","1,287.590","0.84%"
"Feb 01, 2021","1,276.860","1,276.860","1,276.860","1,276.860","0.79%"
"Jan 29, 2021","1,266.850","1,266.850","1,266.850","1,266.850","-0.90%"
"Jan 28, 2021","1,278.350","1,278.350","1,278.350","1,278.350","-0.07%"
"Jan 27, 2021","1,279.300","1,279.300","1,279.300","1,279.300","-0.76%"
"Jan 26, 2021","1,289.100","1,289.100","1,289.100","1,289.100","-0.07%"
"Jan 25, 2021","1,289.940","1,289.940","1,289.940","1,289.940","0.13%"
"Jan 22, 2021","1,288.250","1,288.250","1,288.250","1,288.250","-0.31%"
"Jan 21, 2021","1,292.200","1,292.200","1,292.200","1,292.200","-0.03%"
"Jan 20, 2021","1,292.560","1,292.560","1,292.560","1,292.560","0.59%"
"Jan 19, 2021","1,284.970","1,284.970","1,284.970","1,284.970","0.20%"
"Jan 18, 2021","1,282.460","1,282.460","1,282.460","1,282.460","0.03%"
"Jan 15, 2021","1,282.100","1,282.100","1,282.100","1,282.100","-0.41%"
"Jan 14, 2021","1,287.330","1,287.330","1,287.330","1,287.330","0.22%"
"Jan 13, 2021","1,284.500","1,284.500","1,284.500","1,284.500","0.16%"
"Jan 12, 2021","1,282.460","1,282.460","1,282.460","1,282.460","-0.02%"
"Jan 11, 2021","1,282.680","1,282.680","1,282.680","1,282.680","-0.26%"
"Jan 08, 2021","1,286.040","1,286.040","1,286.040","1,286.040","0.45%"
"Jan 07, 2021","1,280.310","1,280.310","1,280.310","1,280.310","0.40%"
"Jan 06, 2021","1,275.150","1,275.150","1,275.150","1,275.150","0.40%"
"Jan 05, 2021","1,270.040","1,270.040","1,270.040","1,270.040","-0.03%"
"Jan 04, 2021","1,270.410","1,270.410","1,270.410","1,270.410","0.13%"
"Dec 31, 2020","1,268.780","1,268.780","1,268.780","1,268.780","0.15%"
"Dec 30, 2020","1,266.920","1,266.920","1,266.920","1,266.920","0.06%"
"Dec 29, 2020","1,266.110","1,266.110","1,266.110","1,266.110","0.26%"
"Dec 28, 2020","1,262.850","1,262.850","1,262.850","1,262.850","0.34%"
"Dec 24, 2020","1,258.600","1,258.600","1,258.600","1,258.600","0.04%"
"Dec 23, 2020","1,258.150","1,258.150","1,258.150","1,258.150","0.26%"
"Dec 22, 2020","1,254.910","1,254.910","1,254.910","1,254.910","0.36%"
"Dec 21, 2020","1,250.430","1,250.430","1,250.430","1,250.430","-0.79%"
"Dec 18, 2020","1,260.370","1,260.370","1,260.370","1,260.370","-0.04%"
"Dec 17, 2020","1,260.890","1,260.890","1,260.890","1,260.890","0.27%"
"Dec 16, 2020","1,257.520","1,257.520","1,257.520","1,257.520","0.25%"
"Dec 15, 2020","1,254.430","1,254.430","1,254.430","1,254.430","-0.59%"
"Dec 14, 2020","1,261.880","1,261.880","1,261.880","1,261.880","0.10%"
"Dec 11, 2020","1,260.640","1,260.640","1,260.640","1,260.640","-0.08%"
"Dec 10, 2020","1,261.590","1,261.590","1,261.590","1,261.590","-0.18%"
"Dec 09, 2020","1,263.820","1,263.820","1,263.820","1,263.820","0.08%"
"Dec 08, 2020","1,262.840","1,262.840","1,262.840","1,262.840","0.29%"
"Dec 07, 2020","1,259.250","1,259.250","1,259.250","1,259.250","-0.07%"
"Dec 04, 2020","1,260.100","1,260.100","1,260.100","1,260.100","0.37%"
"Dec 03, 2020","1,255.500","1,255.500","1,255.500","1,255.500","0.13%"
"Dec 02, 2020","1,253.810","1,253.810","1,253.810","1,253.810","-0.22%"
"Dec 01, 2020","1,256.560","1,256.560","1,256.560","1,256.560","0.16%"
"Nov 30, 2020","1,254.600","1,254.600","1,254.600","1,254.600","-0.40%"
"Nov 27, 2020","1,259.620","1,259.620","1,259.620","1,259.620","0.25%"
"Nov 26, 2020","1,256.440","1,256.440","1,256.440","1,256.440","0.07%"
"Nov 25, 2020","1,255.540","1,255.540","1,255.540","1,255.540","-0.03%"
"Nov 24, 2020","1,255.970","1,255.970","1,255.970","1,255.970","0.14%"
"Nov 23, 2020","1,254.210","1,254.210","1,254.210","1,254.210","-0.02%"
"Nov 20, 2020","1,254.450","1,254.450","1,254.450","1,254.450","0.17%"
"Nov 19, 2020","1,252.380","1,252.380","1,252.380","1,252.380","0.05%"
"Nov 18, 2020","1,251.750","1,251.750","1,251.750","1,251.750","-0.07%"
"Nov 17, 2020","1,252.680","1,252.680","1,252.680","1,252.680","-0.19%"
"Nov 16, 2020","1,255.060","1,255.060","1,255.060","1,255.060","0.34%"
"Nov 13, 2020","1,250.820","1,250.820","1,250.820","1,250.820","0.25%"
"Nov 12, 2020","1,247.740","1,247.740","1,247.740","1,247.740","0.42%"
"Nov 10, 2020","1,242.470","1,242.470","1,242.470","1,242.470","-0.35%"
"Nov 09, 2020","1,246.810","1,246.810","1,246.810","1,246.810","0.45%"
"Nov 06, 2020","1,241.220","1,241.220","1,241.220","1,241.220","-0.15%"
"Nov 05, 2020","1,243.080","1,243.080","1,243.080","1,243.080","0.75%"
"Nov 04, 2020","1,233.810","1,233.810","1,233.810","1,233.810","1.36%"
"Nov 03, 2020","1,217.280","1,217.280","1,217.280","1,217.280","0.56%"
"Nov 02, 2020","1,210.510","1,210.510","1,210.510","1,210.510","0.62%"
"Oct 30, 2020","1,203.000","1,203.000","1,203.000","1,203.000","-0.55%"
"Oct 29, 2020","1,209.650","1,209.650","1,209.650","1,209.650","0.25%"
"Oct 28, 2020","1,206.650","1,206.650","1,206.650","1,206.650","-1.16%"
"Oct 27, 2020","1,220.780","1,220.780","1,220.780","1,220.780","-0.00%"
"Oct 26, 2020","1,220.790","1,220.790","1,220.790","1,220.790","-0.72%"
"Oct 23, 2020","1,229.650","1,229.650","1,229.650","1,229.650","0.18%"
"Oct 22, 2020","1,227.390","1,227.390","1,227.390","1,227.390","-0.09%"
"Oct 21, 2020","1,228.440","1,228.440","1,228.440","1,228.440","-0.40%"
"Oct 20, 2020","1,233.370","1,233.370","1,233.370","1,233.370","-0.23%"
"Oct 19, 2020","1,236.220","1,236.220","1,236.220","1,236.220","-0.42%"
"Oct 16, 2020","1,241.450","1,241.450","1,241.450","1,241.450","0.26%"
"Oct 15, 2020","1,238.260","1,238.260","1,238.260","1,238.260","-0.58%"
"Oct 14, 2020","1,245.460","1,245.460","1,245.460","1,245.460","-0.13%"
"Oct 13, 2020","1,247.050","1,247.050","1,247.050","1,247.050","0.33%"
"Oct 12, 2020","1,242.990","1,242.990","1,242.990","1,242.990","0.38%"
"Oct 09, 2020","1,238.230","1,238.230","1,238.230","1,238.230","0.40%"
"Oct 08, 2020","1,233.240","1,233.240","1,233.240","1,233.240","0.46%"
"Oct 07, 2020","1,227.590","1,227.590","1,227.590","1,227.590","0.36%"
"Oct 06, 2020","1,223.130","1,223.130","1,223.130","1,223.130","-0.07%"
"Oct 05, 2020","1,223.930","1,223.930","1,223.930","1,223.930","0.34%"
"Oct 02, 2020","1,219.760","1,219.760","1,219.760","1,219.760","-0.09%"
"Oct 01, 2020","1,220.860","1,220.860","1,220.860","1,220.860","0.26%"
"Sep 30, 2020","1,217.650","1,217.650","1,217.650","1,217.650","0.15%"
"Sep 29, 2020","1,215.790","1,215.790","1,215.790","1,215.790","-0.23%"
"Sep 28, 2020","1,218.650","1,218.650","1,218.650","1,218.650","0.82%"
"Sep 25, 2020","1,208.680","1,208.680","1,208.680","1,208.680","0.08%"
"Sep 23, 2020","1,207.760","1,207.760","1,207.760","1,207.760","-0.22%"
"Sep 22, 2020","1,210.370","1,210.370","1,210.370","1,210.370","0.22%"
"Sep 21, 2020","1,207.720","1,207.720","1,207.720","1,207.720","-0.61%"
"Sep 18, 2020","1,215.190","1,215.190","1,215.190","1,215.190","-0.30%"
"Sep 17, 2020","1,218.820","1,218.820","1,218.820","1,218.820","-0.28%"
"Sep 16, 2020","1,222.190","1,222.190","1,222.190","1,222.190","0.10%"
"Sep 15, 2020","1,220.920","1,220.920","1,220.920","1,220.920","0.41%"
"Sep 14, 2020","1,215.930","1,215.930","1,215.930","1,215.930","0.33%"
"Sep 11, 2020","1,211.900","1,211.900","1,211.900","1,211.900","-0.42%"
"Sep 09, 2020","1,217.020","1,217.020","1,217.020","1,217.020","0.64%"
"Sep 08, 2020","1,209.290","1,209.290","1,209.290","1,209.290","-0.56%"
"Sep 07, 2020","1,216.100","1,216.100","1,216.100","1,216.100","0.05%"
"Sep 04, 2020","1,215.440","1,215.440","1,215.440","1,215.440","-0.75%"
"Sep 03, 2020","1,224.650","1,224.650","1,224.650","1,224.650","-0.87%"
"Sep 02, 2020","1,235.370","1,235.370","1,235.370","1,235.370","1.04%"
"Sep 01, 2020","1,222.660","1,222.660","1,222.660","1,222.660","0.21%"
"Aug 31, 2020","1,220.150","1,220.150","1,220.150","1,220.150","-0.35%"
"Aug 28, 2020","1,224.460","1,224.460","1,224.460","1,224.460","-0.22%"
"Aug 27, 2020","1,227.140","1,227.140","1,227.140","1,227.140","0.23%"
"Aug 24, 2020","1,224.290","1,224.290","1,224.290","1,224.290","0.51%"
"Aug 19, 2020","1,218.030","1,218.030","1,218.030","1,218.030","0.04%"
"Aug 18, 2020","1,217.570","1,217.570","1,217.570","1,217.570","-0.01%"
"Aug 17, 2020","1,217.690","1,217.690","1,217.690","1,217.690","0.17%"
"Aug 14, 2020","1,215.590","1,215.590","1,215.590","1,215.590","-0.25%"
"Aug 13, 2020","1,218.670","1,218.670","1,218.670","1,218.670","-0.17%"
"Aug 12, 2020","1,220.780","1,220.780","1,220.780","1,220.780","0.40%"
"Aug 11, 2020","1,215.970","1,215.970","1,215.970","1,215.970","0.13%"
"Aug 10, 2020","1,214.340","1,214.340","1,214.340","1,214.340","0.00%"
"Aug 07, 2020","1,214.310","1,214.310","1,214.310","1,214.310","-0.01%"
"Aug 06, 2020","1,214.430","1,214.430","1,214.430","1,214.430","0.01%"
"Aug 05, 2020","1,214.330","1,214.330","1,214.330","1,214.330","-0.06%"
"Aug 04, 2020","1,215.050","1,215.050","1,215.050","1,215.050","0.25%"
"Aug 03, 2020","1,212.010","1,212.010","1,212.010","1,212.010","0.58%"
"Jul 31, 2020","1,205.030","1,205.030","1,205.030","1,205.030","-0.29%"
"Jul 30, 2020","1,208.530","1,208.530","1,208.530","1,208.530","-0.49%"
"Jul 29, 2020","1,214.540","1,214.540","1,214.540","1,214.540","0.22%"
"Jul 28, 2020","1,211.860","1,211.860","1,211.860","1,211.860","0.15%"
"Jul 27, 2020","1,210.070","1,210.070","1,210.070","1,210.070","-0.02%"
"Jul 24, 2020","1,210.350","1,210.350","1,210.350","1,210.350","-0.73%"
"Jul 23, 2020","1,219.190","1,219.190","1,219.190","1,219.190","0.01%"
"Jul 22, 2020","1,219.120","1,219.120","1,219.120","1,219.120","-0.09%"
"Jul 20, 2020","1,220.180","1,220.180","1,220.180","1,220.180","0.44%"
"Jul 17, 2020","1,214.790","1,214.790","1,214.790","1,214.790","0.29%"
"Jul 16, 2020","1,211.330","1,211.330","1,211.330","1,211.330","-0.36%"
"Jul 15, 2020","1,215.760","1,215.760","1,215.760","1,215.760","0.67%"
"Jul 14, 2020","1,207.620","1,207.620","1,207.620","1,207.620","-0.08%"
"Jul 13, 2020","1,208.600","1,208.600","1,208.600","1,208.600","-0.14%"
"Jul 10, 2020","1,210.290","1,210.290","1,210.290","1,210.290","0.14%"
"Jul 09, 2020","1,208.600","1,208.600","1,208.600","1,208.600","0.05%"
"Jul 08, 2020","1,208.040","1,208.040","1,208.040","1,208.040","0.02%"
"Jul 07, 2020","1,207.750","1,207.750","1,207.750","1,207.750","-0.17%"
"Jul 06, 2020","1,209.860","1,209.860","1,209.860","1,209.860","0.48%"
"Jul 03, 2020","1,204.100","1,204.100","1,204.100","1,204.100","-0.09%"
"Jul 02, 2020","1,205.200","1,205.200","1,205.200","1,205.200","0.82%"
"Jul 01, 2020","1,195.340","1,195.340","1,195.340","1,195.340","0.03%"
"Jun 30, 2020","1,195.020","1,195.020","1,195.020","1,195.020","0.39%"
"Jun 29, 2020","1,190.400","1,190.400","1,190.400","1,190.400","-0.06%"
"Jun 26, 2020","1,191.170","1,191.170","1,191.170","1,191.170","-0.23%"
"Jun 25, 2020","1,193.880","1,193.880","1,193.880","1,193.880","0.32%"
"Jun 24, 2020","1,190.070","1,190.070","1,190.070","1,190.070","-0.50%"
"Jun 23, 2020","1,196.040","1,196.040","1,196.040","1,196.040","-0.16%"
"Jun 22, 2020","1,197.960","1,197.960","1,197.960","1,197.960","-0.24%"
"Jun 19, 2020","1,200.800","1,200.800","1,200.800","1,200.800","0.27%"
"Jun 18, 2020","1,197.600","1,197.600","1,197.600","1,197.600","-0.07%"
"Jun 17, 2020","1,198.480","1,198.480","1,198.480","1,198.480","0.27%"
"Jun 16, 2020","1,195.310","1,195.310","1,195.310","1,195.310","1.45%"
"Jun 15, 2020","1,178.240","1,178.240","1,178.240","1,178.240","-0.22%"
"Jun 12, 2020","1,180.840","1,180.840","1,180.840","1,180.840","0.44%"
"Jun 11, 2020","1,175.680","1,175.680","1,175.680","1,175.680","-1.82%"
"Jun 10, 2020","1,197.430","1,197.430","1,197.430","1,197.430","-0.02%"
"Jun 09, 2020","1,197.610","1,197.610","1,197.610","1,197.610","-0.32%"
"Jun 08, 2020","1,201.460","1,201.460","1,201.460","1,201.460","0.35%"
"Jun 05, 2020","1,197.260","1,197.260","1,197.260","1,197.260","0.79%"
"Jun 04, 2020","1,187.830","1,187.830","1,187.830","1,187.830","-0.56%"
"Jun 03, 2020","1,194.490","1,194.490","1,194.490","1,194.490","0.62%"
"Jun 02, 2020","1,187.120","1,187.120","1,187.120","1,187.120","0.57%"
"May 29, 2020","1,180.380","1,180.380","1,180.380","1,180.380","-0.17%"
"May 28, 2020","1,182.340","1,182.340","1,182.340","1,182.340","0.41%"
"May 27, 2020","1,177.470","1,177.470","1,177.470","1,177.470","0.27%"
"May 26, 2020","1,174.330","1,174.330","1,174.330","1,174.330","0.38%"
"May 25, 2020","1,169.920","1,169.920","1,169.920","1,169.920","0.17%"
"May 20, 2020","1,167.980","1,167.980","1,167.980","1,167.980","0.48%"
"May 19, 2020","1,162.440","1,162.440","1,162.440","1,162.440","-0.24%"
"May 18, 2020","1,165.290","1,165.290","1,165.290","1,165.290","0.97%"
"May 15, 2020","1,154.130","1,154.130","1,154.130","1,154.130","0.27%"
"May 14, 2020","1,150.970","1,150.970","1,150.970","1,150.970","-0.49%"
"May 13, 2020","1,156.600","1,156.600","1,156.600","1,156.600","-0.38%"
"May 12, 2020","1,161.000","1,161.000","1,161.000","1,161.000","-0.24%"
"May 11, 2020","1,163.820","1,163.820","1,163.820","1,163.820","0.16%"
"May 08, 2020","1,161.990","1,161.990","1,161.990","1,161.990","0.27%"
"May 07, 2020","1,158.820","1,158.820","1,158.820","1,158.820","0.51%"
"May 06, 2020","1,152.960","1,152.960","1,152.960","1,152.960","-0.06%"
"May 05, 2020","1,153.620","1,153.620","1,153.620","1,153.620","0.97%"
"May 04, 2020","1,142.540","1,142.540","1,142.540","1,142.540","-1.34%"
"Apr 30, 2020","1,158.040","1,158.040","1,158.040","1,158.040","-0.59%"
"Apr 29, 2020","1,164.920","1,164.920","1,164.920","1,164.920","0.99%"
"Apr 27, 2020","1,153.470","1,153.470","1,153.470","1,153.470","0.79%"
"Apr 24, 2020","1,144.480","1,144.480","1,144.480","1,144.480","-0.09%"
"Apr 23, 2020","1,145.490","1,145.490","1,145.490","1,145.490","0.49%"
"Apr 22, 2020","1,139.930","1,139.930","1,139.930","1,139.930","0.56%"
"Apr 21, 2020","1,133.610","1,133.610","1,133.610","1,133.610","-1.35%"
"Apr 20, 2020","1,149.110","1,149.110","1,149.110","1,149.110","-0.20%"
"Apr 17, 2020","1,151.410","1,151.410","1,151.410","1,151.410","1.06%"
"Apr 16, 2020","1,139.330","1,139.330","1,139.330","1,139.330","0.37%"
"Apr 15, 2020","1,135.160","1,135.160","1,135.160","1,135.160","-0.65%"
"Apr 14, 2020","1,142.600","1,142.600","1,142.600","1,142.600","0.66%"
"Apr 09, 2020","1,135.080","1,135.080","1,135.080","1,135.080","1.07%"
"Apr 08, 2020","1,123.070","1,123.070","1,123.070","1,123.070","0.05%"
"Apr 07, 2020","1,122.490","1,122.490","1,122.490","1,122.490","0.84%"
"Apr 06, 2020","1,113.130","1,113.130","1,113.130","1,113.130","1.70%"
"Apr 03, 2020","1,094.480","1,094.480","1,094.480","1,094.480","-0.16%"
"Apr 02, 2020","1,096.190","1,096.190","1,096.190","1,096.190","0.64%"
"Apr 01, 2020","1,089.240","1,089.240","1,089.240","1,089.240","-1.29%"
"Mar 31, 2020","1,103.530","1,103.530","1,103.530","1,103.530","0.28%"
"Mar 30, 2020","1,100.400","1,100.400","1,100.400","1,100.400","0.70%"
"Mar 27, 2020","1,092.740","1,092.740","1,092.740","1,092.740","-0.36%"
"Mar 26, 2020","1,096.670","1,096.670","1,096.670","1,096.670","1.57%"
"Mar 25, 2020","1,079.700","1,079.700","1,079.700","1,079.700","1.78%"
"Mar 24, 2020","1,060.810","1,060.810","1,060.810","1,060.810","2.99%"
"Mar 23, 2020","1,029.970","1,029.970","1,029.970","1,029.970","-2.57%"
"Mar 20, 2020","1,057.190","1,057.190","1,057.190","1,057.190","0.95%"
"Mar 19, 2020","1,047.240","1,047.240","1,047.240","1,047.240","0.62%"
"Mar 18, 2020","1,040.800","1,040.800","1,040.800","1,040.800","-2.37%"
"Mar 17, 2020","1,066.030","1,066.030","1,066.030","1,066.030","0.63%"
"Mar 16, 2020","1,059.390","1,059.390","1,059.390","1,059.390","-3.29%"
"Mar 13, 2020","1,095.400","1,095.400","1,095.400","1,095.400","0.68%"
"Mar 12, 2020","1,087.970","1,087.970","1,087.970","1,087.970","-4.75%"
"Mar 11, 2020","1,142.250","1,142.250","1,142.250","1,142.250","-0.70%"
"Mar 10, 2020","1,150.320","1,150.320","1,150.320","1,150.320","-0.06%"
"Mar 09, 2020","1,151.060","1,151.060","1,151.060","1,151.060","-3.53%"
"Mar 06, 2020","1,193.220","1,193.220","1,193.220","1,193.220","-1.79%"
"Mar 05, 2020","1,214.930","1,214.930","1,214.930","1,214.930","-0.68%"
"Mar 04, 2020","1,223.290","1,223.290","1,223.290","1,223.290","1.14%"
"Mar 03, 2020","1,209.460","1,209.460","1,209.460","1,209.460","0.32%"
"Mar 02, 2020","1,205.650","1,205.650","1,205.650","1,205.650","-1.22%"
"Feb 27, 2020","1,220.590","1,220.590","1,220.590","1,220.590","-2.13%"
"Feb 26, 2020","1,247.190","1,247.190","1,247.190","1,247.190","-0.25%"
"Feb 25, 2020","1,250.300","1,250.300","1,250.300","1,250.300","-0.76%"
"Feb 24, 2020","1,259.900","1,259.900","1,259.900","1,259.900","-1.54%"
"Feb 21, 2020","1,279.600","1,279.600","1,279.600","1,279.600","-0.43%"
"Feb 20, 2020","1,285.130","1,285.130","1,285.130","1,285.130","-0.29%"
"Feb 19, 2020","1,288.920","1,288.920","1,288.920","1,288.920","0.36%"
"Feb 18, 2020","1,284.310","1,284.310","1,284.310","1,284.310","-0.15%"
"Feb 17, 2020","1,286.220","1,286.220","1,286.220","1,286.220","0.13%"
"Feb 14, 2020","1,284.540","1,284.540","1,284.540","1,284.540","0.09%"
"Feb 13, 2020","1,283.350","1,283.350","1,283.350","1,283.350","0.23%"
"Feb 12, 2020","1,280.370","1,280.370","1,280.370","1,280.370","0.35%"
"Feb 11, 2020","1,275.850","1,275.850","1,275.850","1,275.850","0.38%"
"Feb 10, 2020","1,271.070","1,271.070","1,271.070","1,271.070","0.08%"
"Feb 07, 2020","1,270.010","1,270.010","1,270.010","1,270.010","-0.07%"
"Feb 06, 2020","1,270.920","1,270.920","1,270.920","1,270.920","0.38%"
"Feb 05, 2020","1,266.140","1,266.140","1,266.140","1,266.140","0.55%"
"Feb 04, 2020","1,259.180","1,259.180","1,259.180","1,259.180","0.30%"
"Jan 30, 2020","1,255.440","1,255.440","1,255.440","1,255.440","-0.47%"
"Jan 29, 2020","1,261.330","1,261.330","1,261.330","1,261.330","0.08%"
"Jan 28, 2020","1,260.380","1,260.380","1,260.380","1,260.380","0.35%"
"Jan 27, 2020","1,256.020","1,256.020","1,256.020","1,256.020","-0.81%"
"Jan 24, 2020","1,266.230","1,266.230","1,266.230","1,266.230","0.24%"
"Jan 23, 2020","1,263.170","1,263.170","1,263.170","1,263.170","-0.06%"
"Jan 22, 2020","1,263.930","1,263.930","1,263.930","1,263.930","0.14%"
"Jan 21, 2020","1,262.110","1,262.110","1,262.110","1,262.110","-0.15%"
"Jan 20, 2020","1,264.020","1,264.020","1,264.020","1,264.020","0.04%"
"Jan 17, 2020","1,263.460","1,263.460","1,263.460","1,263.460","0.53%"
"Jan 16, 2020","1,256.790","1,256.790","1,256.790","1,256.790","0.15%"
"Jan 15, 2020","1,254.940","1,254.940","1,254.940","1,254.940","0.08%"
"Jan 14, 2020","1,253.940","1,253.940","1,253.940","1,253.940","0.14%"
"Jan 13, 2020","1,252.140","1,252.140","1,252.140","1,252.140","-0.10%"
"Jan 10, 2020","1,253.390","1,253.390","1,253.390","1,253.390","0.03%"
"Jan 09, 2020","1,253.060","1,253.060","1,253.060","1,253.060","0.23%"
"Jan 08, 2020","1,250.240","1,250.240","1,250.240","1,250.240","0.11%"
"Jan 07, 2020","1,248.890","1,248.890","1,248.890","1,248.890","0.28%"
"Jan 06, 2020","1,245.360","1,245.360","1,245.360","1,245.360","-0.21%"
"Jan 03, 2020","1,248.010","1,248.010","1,248.010","1,248.010","0.13%"
"Jan 02, 2020","1,246.360","1,246.360","1,246.360","1,246.360","0.41%"
"Dec 31, 2019","1,241.260","1,241.260","1,241.260","1,241.260","-0.06%"
"Dec 30, 2019","1,241.960","1,241.960","1,241.960","1,241.960","-0.50%"
"Dec 27, 2019","1,248.160","1,248.160","1,248.160","1,248.160","-0.08%"
"Dec 24, 2019","1,249.220","1,249.220","1,249.220","1,249.220","0.03%"
"Dec 23, 2019","1,248.790","1,248.790","1,248.790","1,248.790","0.11%"
"Dec 20, 2019","1,247.370","1,247.370","1,247.370","1,247.370","0.46%"
"Dec 19, 2019","1,241.700","1,241.700","1,241.700","1,241.700","0.08%"
"Dec 18, 2019","1,240.650","1,240.650","1,240.650","1,240.650","0.09%"
"Dec 17, 2019","1,239.570","1,239.570","1,239.570","1,239.570","-0.12%"
"Dec 16, 2019","1,241.000","1,241.000","1,241.000","1,241.000","0.42%"
"Dec 13, 2019","1,235.830","1,235.830","1,235.830","1,235.830","-1.73%"
"Dec 12, 2019","1,257.630","1,257.630","1,257.630","1,257.630","0.02%"
"Dec 11, 2019","1,257.340","1,257.340","1,257.340","1,257.340","0.14%"
"Dec 10, 2019","1,255.520","1,255.520","1,255.520","1,255.520","-0.19%"
"Dec 09, 2019","1,257.970","1,257.970","1,257.970","1,257.970","-0.11%"
"Dec 06, 2019","1,259.340","1,259.340","1,259.340","1,259.340","0.69%"
"Dec 05, 2019","1,250.690","1,250.690","1,250.690","1,250.690","-0.00%"
"Dec 04, 2019","1,250.700","1,250.700","1,250.700","1,250.700","0.33%"
"Dec 03, 2019","1,246.580","1,246.580","1,246.580","1,246.580","-0.20%"
"Dec 02, 2019","1,249.130","1,249.130","1,249.130","1,249.130","-0.74%"
"Nov 29, 2019","1,258.390","1,258.390","1,258.390","1,258.390","-0.30%"
"Nov 28, 2019","1,262.180","1,262.180","1,262.180","1,262.180","-0.02%"
"Nov 27, 2019","1,262.390","1,262.390","1,262.390","1,262.390","0.16%"
"Nov 26, 2019","1,260.430","1,260.430","1,260.430","1,260.430","0.13%"
"Nov 25, 2019","1,258.800","1,258.800","1,258.800","1,258.800","0.75%"
"Nov 21, 2019","1,249.470","1,249.470","1,249.470","1,249.470","-0.24%"
"Nov 20, 2019","1,252.530","1,252.530","1,252.530","1,252.530","0.00%"
"Nov 19, 2019","1,252.480","1,252.480","1,252.480","1,252.480","-0.10%"
"Nov 18, 2019","1,253.710","1,253.710","1,253.710","1,253.710","0.02%"
"Nov 15, 2019","1,253.470","1,253.470","1,253.470","1,253.470","0.02%"
"Nov 14, 2019","1,253.210","1,253.210","1,253.210","1,253.210","0.02%"
"Nov 13, 2019","1,252.910","1,252.910","1,252.910","1,252.910","-0.02%"
"Nov 12, 2019","1,253.160","1,253.160","1,253.160","1,253.160","0.17%"
"Nov 06, 2019","1,250.980","1,250.980","1,250.980","1,250.980","0.09%"
"Nov 05, 2019","1,249.900","1,249.900","1,249.900","1,249.900","0.19%"
"Nov 04, 2019","1,247.570","1,247.570","1,247.570","1,247.570","0.47%"
"Oct 31, 2019","1,241.730","1,241.730","1,241.730","1,241.730","-0.02%"
"Oct 30, 2019","1,242.000","1,242.000","1,242.000","1,242.000","0.05%"
"Oct 29, 2019","1,241.380","1,241.380","1,241.380","1,241.380","-0.00%"
"Oct 28, 2019","1,241.400","1,241.400","1,241.400","1,241.400","-0.00%"
"Oct 25, 2019","1,241.450","1,241.450","1,241.450","1,241.450","0.15%"
"Oct 24, 2019","1,239.610","1,239.610","1,239.610","1,239.610","0.27%"
"Oct 23, 2019","1,236.300","1,236.300","1,236.300","1,236.300","0.05%"
"Oct 22, 2019","1,235.720","1,235.720","1,235.720","1,235.720","0.15%"
"Oct 21, 2019","1,233.810","1,233.810","1,233.810","1,233.810","0.08%"
"Oct 18, 2019","1,232.800","1,232.800","1,232.800","1,232.800","-0.22%"
"Oct 17, 2019","1,235.570","1,235.570","1,235.570","1,235.570","-0.23%"
"Oct 16, 2019","1,238.460","1,238.460","1,238.460","1,238.460","-0.09%"
"Oct 15, 2019","1,239.550","1,239.550","1,239.550","1,239.550","0.34%"
"Oct 14, 2019","1,235.340","1,235.340","1,235.340","1,235.340","-0.10%"
"Oct 11, 2019","1,236.540","1,236.540","1,236.540","1,236.540","0.55%"
"Oct 10, 2019","1,229.770","1,229.770","1,229.770","1,229.770","-0.14%"
"Oct 09, 2019","1,231.450","1,231.450","1,231.450","1,231.450","0.00%"
"Oct 08, 2019","1,231.420","1,231.420","1,231.420","1,231.420","-0.39%"
"Oct 07, 2019","1,236.280","1,236.280","1,236.280","1,236.280","0.01%"
"Oct 04, 2019","1,236.110","1,236.110","1,236.110","1,236.110","0.56%"
"Oct 03, 2019","1,229.280","1,229.280","1,229.280","1,229.280","-0.01%"
"Oct 02, 2019","1,229.430","1,229.430","1,229.430","1,229.430","-1.11%"
"Oct 01, 2019","1,243.290","1,243.290","1,243.290","1,243.290","-0.41%"
"Sep 30, 2019","1,248.450","1,248.450","1,248.450","1,248.450","0.23%"
"Sep 27, 2019","1,245.540","1,245.540","1,245.540","1,245.540","-0.07%"
"Sep 26, 2019","1,246.380","1,246.380","1,246.380","1,246.380","0.17%"
"Sep 25, 2019","1,244.270","1,244.270","1,244.270","1,244.270","-0.14%"
"Sep 24, 2019","1,246.000","1,246.000","1,246.000","1,246.000","0.01%"
"Sep 23, 2019","1,245.910","1,245.910","1,245.910","1,245.910","-0.01%"
"Sep 20, 2019","1,246.000","1,246.000","1,246.000","1,246.000","0.26%"
"Sep 19, 2019","1,242.790","1,242.790","1,242.790","1,242.790","0.21%"
"Sep 18, 2019","1,240.230","1,240.230","1,240.230","1,240.230","-0.00%"
"Sep 17, 2019","1,240.250","1,240.250","1,240.250","1,240.250","-0.14%"
"Sep 16, 2019","1,241.960","1,241.960","1,241.960","1,241.960","0.13%"
"Sep 13, 2019","1,240.350","1,240.350","1,240.350","1,240.350","-0.33%"
"Sep 12, 2019","1,244.400","1,244.400","1,244.400","1,244.400","0.08%"
"Sep 11, 2019","1,243.410","1,243.410","1,243.410","1,243.410","0.57%"
"Sep 10, 2019","1,236.330","1,236.330","1,236.330","1,236.330","-0.10%"
"Sep 09, 2019","1,237.540","1,237.540","1,237.540","1,237.540","-0.27%"
"Sep 06, 2019","1,240.890","1,240.890","1,240.890","1,240.890","0.17%"
"Sep 05, 2019","1,238.800","1,238.800","1,238.800","1,238.800","0.07%"
"Sep 04, 2019","1,237.990","1,237.990","1,237.990","1,237.990","0.12%"
"Sep 03, 2019","1,236.480","1,236.480","1,236.480","1,236.480","0.06%"
"Sep 02, 2019","1,235.730","1,235.730","1,235.730","1,235.730","0.20%"
"Aug 30, 2019","1,233.290","1,233.290","1,233.290","1,233.290","0.42%"
"Aug 29, 2019","1,228.180","1,228.180","1,228.180","1,228.180","0.44%"
"Aug 28, 2019","1,222.850","1,222.850","1,222.850","1,222.850","0.10%"
"Aug 27, 2019","1,221.590","1,221.590","1,221.590","1,221.590","0.35%"
"Aug 26, 2019","1,217.270","1,217.270","1,217.270","1,217.270","-0.05%"
"Aug 23, 2019","1,217.910","1,217.910","1,217.910","1,217.910","-0.58%"
"Aug 22, 2019","1,224.960","1,224.960","1,224.960","1,224.960","-0.11%"
"Aug 21, 2019","1,226.330","1,226.330","1,226.330","1,226.330","0.37%"
"Aug 20, 2019","1,221.810","1,221.810","1,221.810","1,221.810","-0.20%"
"Aug 19, 2019","1,224.240","1,224.240","1,224.240","1,224.240","0.37%"
"Aug 16, 2019","1,219.690","1,219.690","1,219.690","1,219.690","0.90%"
"Aug 14, 2019","1,208.800","1,208.800","1,208.800","1,208.800","-0.61%"
"Aug 13, 2019","1,216.230","1,216.230","1,216.230","1,216.230","0.27%"
"Aug 12, 2019","1,212.910","1,212.910","1,212.910","1,212.910","-0.50%"
"Aug 09, 2019","1,219.050","1,219.050","1,219.050","1,219.050","-0.21%"
"Aug 08, 2019","1,221.640","1,221.640","1,221.640","1,221.640","0.73%"
"Aug 07, 2019","1,212.740","1,212.740","1,212.740","1,212.740","0.20%"
"Aug 06, 2019","1,210.330","1,210.330","1,210.330","1,210.330","-0.01%"
"Aug 05, 2019","1,210.450","1,210.450","1,210.450","1,210.450","-1.35%"
"Aug 02, 2019","1,227.000","1,227.000","1,227.000","1,227.000","-0.89%"
"Aug 01, 2019","1,238.050","1,238.050","1,238.050","1,238.050","0.28%"
"Jul 31, 2019","1,234.590","1,234.590","1,234.590","1,234.590","-0.04%"
"Jul 30, 2019","1,235.070","1,235.070","1,235.070","1,235.070","-0.41%"
"Jul 29, 2019","1,240.130","1,240.130","1,240.130","1,240.130","-0.05%"
"Jul 26, 2019","1,240.770","1,240.770","1,240.770","1,240.770","0.26%"
"Jul 25, 2019","1,237.500","1,237.500","1,237.500","1,237.500","-0.24%"
"Jul 24, 2019","1,240.490","1,240.490","1,240.490","1,240.490","0.21%"
"Jul 23, 2019","1,237.910","1,237.910","1,237.910","1,237.910","0.55%"
"Jul 22, 2019","1,231.190","1,231.190","1,231.190","1,231.190","0.00%"
"Jul 19, 2019","1,231.150","1,231.150","1,231.150","1,231.150","0.14%"
"Jul 18, 2019","1,229.410","1,229.410","1,229.410","1,229.410","-0.09%"
"Jul 17, 2019","1,230.470","1,230.470","1,230.470","1,230.470","-0.04%"
"Jul 16, 2019","1,230.990","1,230.990","1,230.990","1,230.990","0.18%"
"Jul 15, 2019","1,228.760","1,228.760","1,228.760","1,228.760","0.08%"
"Jul 12, 2019","1,227.800","1,227.800","1,227.800","1,227.800","-0.02%"
"Jul 11, 2019","1,228.080","1,228.080","1,228.080","1,228.080","0.02%"
"Jul 10, 2019","1,227.850","1,227.850","1,227.850","1,227.850","-0.06%"
"Jul 09, 2019","1,228.530","1,228.530","1,228.530","1,228.530","-0.19%"
"Jul 08, 2019","1,230.870","1,230.870","1,230.870","1,230.870","-0.15%"
"Jul 05, 2019","1,232.730","1,232.730","1,232.730","1,232.730","-0.15%"
"Jul 04, 2019","1,234.640","1,234.640","1,234.640","1,234.640","0.14%"
"Jul 03, 2019","1,232.960","1,232.960","1,232.960","1,232.960","0.53%"
"Jul 02, 2019","1,226.500","1,226.500","1,226.500","1,226.500","0.32%"
"Jul 01, 2019","1,222.610","1,222.610","1,222.610","1,222.610","0.69%"
"Jun 28, 2019","1,214.190","1,214.190","1,214.190","1,214.190","0.19%"
"Jun 27, 2019","1,211.930","1,211.930","1,211.930","1,211.930","0.10%"
"Jun 26, 2019","1,210.670","1,210.670","1,210.670","1,210.670","-0.27%"
"Jun 25, 2019","1,213.920","1,213.920","1,213.920","1,213.920","0.01%"
"Jun 24, 2019","1,213.800","1,213.800","1,213.800","1,213.800","-0.34%"
"Jun 21, 2019","1,217.940","1,217.940","1,217.940","1,217.940","-0.34%"
"Jun 20, 2019","1,222.060","1,222.060","1,222.060","1,222.060","0.26%"
"Jun 19, 2019","1,218.870","1,218.870","1,218.870","1,218.870","0.05%"
"Jun 18, 2019","1,218.240","1,218.240","1,218.240","1,218.240","0.90%"
"Jun 17, 2019","1,207.410","1,207.410","1,207.410","1,207.410","-0.12%"
"Jun 14, 2019","1,208.810","1,208.810","1,208.810","1,208.810","0.18%"
"Jun 13, 2019","1,206.610","1,206.610","1,206.610","1,206.610","0.32%"
"Jun 12, 2019","1,202.730","1,202.730","1,202.730","1,202.730","-0.10%"
"Jun 11, 2019","1,203.980","1,203.980","1,203.980","1,203.980","0.54%"
"Jun 07, 2019","1,197.480","1,197.480","1,197.480","1,197.480","0.35%"
"Jun 06, 2019","1,193.340","1,193.340","1,193.340","1,193.340","0.08%"
"Jun 05, 2019","1,192.360","1,192.360","1,192.360","1,192.360","0.33%"
"Jun 04, 2019","1,188.460","1,188.460","1,188.460","1,188.460","0.31%"
"Jun 03, 2019","1,184.800","1,184.800","1,184.800","1,184.800","-0.29%"
"May 29, 2019","1,188.300","1,188.300","1,188.300","1,188.300","-0.35%"
"May 28, 2019","1,192.510","1,192.510","1,192.510","1,192.510","-0.05%"
"May 27, 2019","1,193.110","1,193.110","1,193.110","1,193.110","0.06%"
"May 24, 2019","1,192.350","1,192.350","1,192.350","1,192.350","0.04%"
"May 23, 2019","1,191.840","1,191.840","1,191.840","1,191.840","-0.45%"
"May 22, 2019","1,197.210","1,197.210","1,197.210","1,197.210","0.05%"
"May 21, 2019","1,196.650","1,196.650","1,196.650","1,196.650","0.21%"
"May 20, 2019","1,194.180","1,194.180","1,194.180","1,194.180","-0.35%"
"May 17, 2019","1,198.330","1,198.330","1,198.330","1,198.330","-0.19%"
"May 16, 2019","1,200.630","1,200.630","1,200.630","1,200.630","0.55%"
"May 15, 2019","1,194.080","1,194.080","1,194.080","1,194.080","0.26%"
"May 14, 2019","1,190.950","1,190.950","1,190.950","1,190.950","0.50%"
"May 13, 2019","1,185.040","1,185.040","1,185.040","1,185.040","-0.58%"
"May 10, 2019","1,191.900","1,191.900","1,191.900","1,191.900","-0.24%"
"May 09, 2019","1,194.740","1,194.740","1,194.740","1,194.740","-0.38%"
"May 08, 2019","1,199.300","1,199.300","1,199.300","1,199.300","-0.18%"
"May 07, 2019","1,201.510","1,201.510","1,201.510","1,201.510","-0.50%"
"May 06, 2019","1,207.580","1,207.580","1,207.580","1,207.580","-0.19%"
"May 03, 2019","1,209.930","1,209.930","1,209.930","1,209.930","0.22%"
"May 02, 2019","1,207.240","1,207.240","1,207.240","1,207.240","-0.22%"
"Apr 30, 2019","1,209.880","1,209.880","1,209.880","1,209.880","-0.06%"
"Apr 29, 2019","1,210.620","1,210.620","1,210.620","1,210.620","0.08%"
"Apr 26, 2019","1,209.640","1,209.640","1,209.640","1,209.640","0.11%"
"Apr 25, 2019","1,208.370","1,208.370","1,208.370","1,208.370","0.08%"
"Apr 24, 2019","1,207.380","1,207.380","1,207.380","1,207.380","-0.03%"
"Apr 23, 2019","1,207.720","1,207.720","1,207.720","1,207.720","0.28%"
"Apr 18, 2019","1,204.330","1,204.330","1,204.330","1,204.330","0.22%"
"Apr 17, 2019","1,201.730","1,201.730","1,201.730","1,201.730","-0.27%"
"Apr 16, 2019","1,205.000","1,205.000","1,205.000","1,205.000","0.10%"
"Apr 15, 2019","1,203.800","1,203.800","1,203.800","1,203.800","0.05%"
"Apr 12, 2019","1,203.220","1,203.220","1,203.220","1,203.220","-0.25%"
"Apr 11, 2019","1,206.270","1,206.270","1,206.270","1,206.270","-0.14%"
"Apr 10, 2019","1,208.000","1,208.000","1,208.000","1,208.000","0.27%"
"Apr 09, 2019","1,204.800","1,204.800","1,204.800","1,204.800","-0.21%"
"Apr 08, 2019","1,207.320","1,207.320","1,207.320","1,207.320","-0.17%"
"Apr 05, 2019","1,209.420","1,209.420","1,209.420","1,209.420","0.08%"
"Apr 04, 2019","1,208.410","1,208.410","1,208.410","1,208.410","0.04%"
"Apr 03, 2019","1,207.940","1,207.940","1,207.940","1,207.940","0.06%"
"Apr 02, 2019","1,207.260","1,207.260","1,207.260","1,207.260","0.16%"
"Apr 01, 2019","1,205.300","1,205.300","1,205.300","1,205.300","0.54%"
"Mar 29, 2019","1,198.810","1,198.810","1,198.810","1,198.810","0.25%"
"Mar 28, 2019","1,195.790","1,195.790","1,195.790","1,195.790","0.08%"
"Mar 27, 2019","1,194.830","1,194.830","1,194.830","1,194.830","-0.04%"
"Mar 26, 2019","1,195.260","1,195.260","1,195.260","1,195.260","0.67%"
"Mar 25, 2019","1,187.360","1,187.360","1,187.360","1,187.360","-0.62%"
"Mar 22, 2019","1,194.730","1,194.730","1,194.730","1,194.730","-0.13%"
"Mar 21, 2019","1,196.250","1,196.250","1,196.250","1,196.250","0.36%"
"Mar 20, 2019","1,191.910","1,191.910","1,191.910","1,191.910","-0.37%"
"Mar 19, 2019","1,196.340","1,196.340","1,196.340","1,196.340","0.14%"
"Mar 18, 2019","1,194.610","1,194.610","1,194.610","1,194.610","0.19%"
"Mar 15, 2019","1,192.330","1,192.330","1,192.330","1,192.330","0.33%"
"Mar 14, 2019","1,188.430","1,188.430","1,188.430","1,188.430","0.12%"
"Mar 13, 2019","1,187.050","1,187.050","1,187.050","1,187.050","0.13%"
"Mar 12, 2019","1,185.560","1,185.560","1,185.560","1,185.560","-0.03%"
"Mar 11, 2019","1,185.910","1,185.910","1,185.910","1,185.910","0.58%"
"Mar 08, 2019","1,179.050","1,179.050","1,179.050","1,179.050","-0.37%"
"Mar 07, 2019","1,183.450","1,183.450","1,183.450","1,183.450","0.10%"
"Mar 06, 2019","1,182.240","1,182.240","1,182.240","1,182.240","-0.22%"
"Mar 05, 2019","1,184.790","1,184.790","1,184.790","1,184.790","-0.01%"
"Mar 04, 2019","1,184.930","1,184.930","1,184.930","1,184.930","0.26%"
"Mar 01, 2019","1,181.860","1,181.860","1,181.860","1,181.860","0.09%"
"Feb 28, 2019","1,180.760","1,180.760","1,180.760","1,180.760","-0.20%"
"Feb 27, 2019","1,183.090","1,183.090","1,183.090","1,183.090","-0.24%"
"Feb 26, 2019","1,185.880","1,185.880","1,185.880","1,185.880","-0.07%"
"Feb 25, 2019","1,186.700","1,186.700","1,186.700","1,186.700","0.15%"
"Feb 22, 2019","1,184.950","1,184.950","1,184.950","1,184.950","0.26%"
"Feb 21, 2019","1,181.830","1,181.830","1,181.830","1,181.830","-0.09%"
"Feb 20, 2019","1,182.930","1,182.930","1,182.930","1,182.930","0.18%"
"Feb 19, 2019","1,180.810","1,180.810","1,180.810","1,180.810","0.00%"
"Feb 18, 2019","1,180.770","1,180.770","1,180.770","1,180.770","-0.05%"
"Feb 15, 2019","1,181.320","1,181.320","1,181.320","1,181.320","0.40%"
"Feb 14, 2019","1,176.630","1,176.630","1,176.630","1,176.630","-0.04%"
"Feb 13, 2019","1,177.130","1,177.130","1,177.130","1,177.130","0.34%"
"Feb 12, 2019","1,173.190","1,173.190","1,173.190","1,173.190","0.28%"
"Feb 11, 2019","1,169.890","1,169.890","1,169.890","1,169.890","0.41%"
"Feb 08, 2019","1,165.070","1,165.070","1,165.070","1,165.070","-0.25%"
"Feb 07, 2019","1,168.020","1,168.020","1,168.020","1,168.020","-0.36%"
"Feb 06, 2019","1,172.240","1,172.240","1,172.240","1,172.240","0.11%"
"Feb 05, 2019","1,170.990","1,170.990","1,170.990","1,170.990","0.58%"
"Feb 04, 2019","1,164.230","1,164.230","1,164.230","1,164.230","0.20%"
"Feb 01, 2019","1,161.950","1,161.950","1,161.950","1,161.950","0.22%"
"Jan 31, 2019","1,159.400","1,159.400","1,159.400","1,159.400","0.37%"
"Jan 30, 2019","1,155.170","1,155.170","1,155.170","1,155.170","0.21%"
"Jan 29, 2019","1,152.700","1,152.700","1,152.700","1,152.700","0.36%"
"Jan 28, 2019","1,148.540","1,148.540","1,148.540","1,148.540","-0.57%"
"Jan 25, 2019","1,155.120","1,155.120","1,155.120","1,155.120","0.15%"
"Jan 24, 2019","1,153.370","1,153.370","1,153.370","1,153.370","0.36%"
"Jan 23, 2019","1,149.240","1,149.240","1,149.240","1,149.240","0.04%"
"Jan 22, 2019","1,148.750","1,148.750","1,148.750","1,148.750","-0.31%"
"Jan 21, 2019","1,152.370","1,152.370","1,152.370","1,152.370","-0.03%"
"Jan 18, 2019","1,152.670","1,152.670","1,152.670","1,152.670","0.75%"
"Jan 17, 2019","1,144.130","1,144.130","1,144.130","1,144.130","0.14%"
"Jan 16, 2019","1,142.580","1,142.580","1,142.580","1,142.580","0.36%"
"Jan 15, 2019","1,138.440","1,138.440","1,138.440","1,138.440","0.59%"
"Jan 14, 2019","1,131.800","1,131.800","1,131.800","1,131.800","-0.20%"
"Jan 11, 2019","1,134.100","1,134.100","1,134.100","1,134.100","0.31%"
"Jan 10, 2019","1,130.580","1,130.580","1,130.580","1,130.580","0.22%"
"Jan 09, 2019","1,128.100","1,128.100","1,128.100","1,128.100","0.15%"
"Jan 08, 2019","1,126.450","1,126.450","1,126.450","1,126.450","0.36%"
"Jan 07, 2019","1,122.410","1,122.410","1,122.410","1,122.410","0.04%"
"Jan 04, 2019","1,121.950","1,121.950","1,121.950","1,121.950","1.15%"
"Jan 03, 2019","1,109.190","1,109.190","1,109.190","1,109.190","-0.62%"
"Jan 02, 2019","1,116.160","1,116.160","1,116.160","1,116.160","0.26%"
"Dec 31, 2018","1,113.250","1,113.250","1,113.250","1,113.250","0.25%"
"Dec 28, 2018","1,110.430","1,110.430","1,110.430","1,110.430","0.52%"
"Dec 27, 2018","1,104.700","1,104.700","1,104.700","1,104.700","-0.00%"
"Dec 24, 2018","1,104.710","1,104.710","1,104.710","1,104.710","-0.31%"
"Dec 21, 2018","1,108.140","1,108.140","1,108.140","1,108.140","-0.38%"
"Dec 20, 2018","1,112.380","1,112.380","1,112.380","1,112.380","-0.65%"
"Dec 19, 2018","1,119.610","1,119.610","1,119.610","1,119.610","-0.31%"
"Dec 18, 2018","1,123.130","1,123.130","1,123.130","1,123.130","-0.41%"
"Dec 17, 2018","1,127.760","1,127.760","1,127.760","1,127.760","-0.79%"
"Dec 14, 2018","1,136.700","1,136.700","1,136.700","1,136.700","-0.29%"
"Dec 13, 2018","1,139.980","1,139.980","1,139.980","1,139.980","0.07%"
"Dec 12, 2018","1,139.150","1,139.150","1,139.150","1,139.150","0.50%"
"Dec 11, 2018","1,133.460","1,133.460","1,133.460","1,133.460","-1.38%"
"Dec 10, 2018","1,149.280","1,149.280","1,149.280","1,149.280","-0.71%"
"Dec 07, 2018","1,157.530","1,157.530","1,157.530","1,157.530","0.04%"
"Dec 06, 2018","1,157.110","1,157.110","1,157.110","1,157.110","-1.34%"
"Dec 05, 2018","1,172.810","1,172.810","1,172.810","1,172.810","-0.52%"
"Dec 04, 2018","1,178.940","1,178.940","1,178.940","1,178.940","-0.56%"
"Dec 03, 2018","1,185.620","1,185.620","1,185.620","1,185.620","0.63%"
"Nov 30, 2018","1,178.240","1,178.240","1,178.240","1,178.240","0.33%"
"Nov 29, 2018","1,174.310","1,174.310","1,174.310","1,174.310","-0.11%"
"Nov 28, 2018","1,175.580","1,175.580","1,175.580","1,175.580","0.41%"
"Nov 27, 2018","1,170.780","1,170.780","1,170.780","1,170.780","0.21%"
"Nov 26, 2018","1,168.360","1,168.360","1,168.360","1,168.360","0.45%"
"Nov 23, 2018","1,163.090","1,163.090","1,163.090","1,163.090","0.26%"
"Nov 22, 2018","1,160.050","1,160.050","1,160.050","1,160.050","-0.16%"
"Nov 21, 2018","1,161.860","1,161.860","1,161.860","1,161.860","0.29%"
"Nov 20, 2018","1,158.490","1,158.490","1,158.490","1,158.490","-0.66%"
"Nov 19, 2018","1,166.130","1,166.130","1,166.130","1,166.130","-0.57%"
"Nov 16, 2018","1,172.850","1,172.850","1,172.850","1,172.850","-0.17%"
"Nov 15, 2018","1,174.850","1,174.850","1,174.850","1,174.850","-0.16%"
"Nov 14, 2018","1,176.750","1,176.750","1,176.750","1,176.750","-0.41%"
"Nov 13, 2018","1,181.550","1,181.550","1,181.550","1,181.550","-0.15%"
"Nov 12, 2018","1,183.350","1,183.350","1,183.350","1,183.350","-0.11%"
"Nov 09, 2018","1,184.710","1,184.710","1,184.710","1,184.710","-0.24%"
"Nov 08, 2018","1,187.590","1,187.590","1,187.590","1,187.590","0.32%"
"Nov 07, 2018","1,183.750","1,183.750","1,183.750","1,183.750","0.37%"
"Nov 06, 2018","1,179.380","1,179.380","1,179.380","1,179.380","0.08%"
"Nov 05, 2018","1,178.380","1,178.380","1,178.380","1,178.380","-0.15%"
"Nov 02, 2018","1,180.130","1,180.130","1,180.130","1,180.130","0.46%"
"Oct 31, 2018","1,174.740","1,174.740","1,174.740","1,174.740","0.85%"
"Oct 30, 2018","1,164.810","1,164.810","1,164.810","1,164.810","0.27%"
"Oct 29, 2018","1,161.690","1,161.690","1,161.690","1,161.690","0.13%"
"Oct 26, 2018","1,160.220","1,160.220","1,160.220","1,160.220","-0.57%"
"Oct 25, 2018","1,166.830","1,166.830","1,166.830","1,166.830","0.33%"
"Oct 24, 2018","1,162.990","1,162.990","1,162.990","1,162.990","-0.40%"
"Oct 23, 2018","1,167.690","1,167.690","1,167.690","1,167.690","-0.65%"
"Oct 22, 2018","1,175.370","1,175.370","1,175.370","1,175.370","-0.11%"
"Oct 19, 2018","1,176.620","1,176.620","1,176.620","1,176.620","-0.21%"
"Oct 18, 2018","1,179.100","1,179.100","1,179.100","1,179.100","-0.34%"
"Oct 17, 2018","1,183.150","1,183.150","1,183.150","1,183.150","0.20%"
"Oct 16, 2018","1,180.830","1,180.830","1,180.830","1,180.830","0.97%"
"Oct 15, 2018","1,169.530","1,169.530","1,169.530","1,169.530","-0.14%"
"Oct 12, 2018","1,171.120","1,171.120","1,171.120","1,171.120","0.19%"
"Oct 11, 2018","1,168.850","1,168.850","1,168.850","1,168.850","-1.19%"
"Oct 10, 2018","1,182.880","1,182.880","1,182.880","1,182.880","-1.23%"
"Oct 09, 2018","1,197.560","1,197.560","1,197.560","1,197.560","-0.07%"
"Oct 08, 2018","1,198.400","1,198.400","1,198.400","1,198.400","-0.20%"
"Oct 05, 2018","1,200.790","1,200.790","1,200.790","1,200.790","-0.35%"
"Oct 04, 2018","1,205.000","1,205.000","1,205.000","1,205.000","-0.65%"
"Oct 03, 2018","1,212.890","1,212.890","1,212.890","1,212.890","0.24%"
"Oct 02, 2018","1,210.020","1,210.020","1,210.020","1,210.020","-0.07%"
"Oct 01, 2018","1,210.810","1,210.810","1,210.810","1,210.810","0.25%"
"Sep 28, 2018","1,207.750","1,207.750","1,207.750","1,207.750","0.03%"
"Sep 27, 2018","1,207.380","1,207.380","1,207.380","1,207.380","0.41%"
"Sep 26, 2018","1,202.460","1,202.460","1,202.460","1,202.460","0.19%"
"Sep 25, 2018","1,200.210","1,200.210","1,200.210","1,200.210","0.15%"
"Sep 24, 2018","1,198.470","1,198.470","1,198.470","1,198.470","-0.40%"
"Sep 21, 2018","1,203.240","1,203.240","1,203.240","1,203.240","0.21%"
"Sep 20, 2018","1,200.700","1,200.700","1,200.700","1,200.700","-0.01%"
"Sep 19, 2018","1,200.770","1,200.770","1,200.770","1,200.770","0.25%"
"Sep 18, 2018","1,197.790","1,197.790","1,197.790","1,197.790","0.26%"
"Sep 17, 2018","1,194.710","1,194.710","1,194.710","1,194.710","-0.25%"
"Sep 14, 2018","1,197.690","1,197.690","1,197.690","1,197.690","0.35%"
"Sep 13, 2018","1,193.510","1,193.510","1,193.510","1,193.510","-0.06%"
"Sep 12, 2018","1,194.200","1,194.200","1,194.200","1,194.200","0.05%"
"Sep 11, 2018","1,193.600","1,193.600","1,193.600","1,193.600","-0.01%"
"Sep 10, 2018","1,193.730","1,193.730","1,193.730","1,193.730","0.10%"
"Sep 07, 2018","1,192.580","1,192.580","1,192.580","1,192.580","0.27%"
"Sep 06, 2018","1,189.330","1,189.330","1,189.330","1,189.330","-0.17%"
"Sep 05, 2018","1,191.310","1,191.310","1,191.310","1,191.310","-0.81%"
"Sep 04, 2018","1,201.030","1,201.030","1,201.030","1,201.030","-0.13%"
"Sep 03, 2018","1,202.570","1,202.570","1,202.570","1,202.570","-0.10%"
"Aug 31, 2018","1,203.820","1,203.820","1,203.820","1,203.820","-0.02%"
"Aug 30, 2018","1,204.070","1,204.070","1,204.070","1,204.070","-0.22%"
"Aug 29, 2018","1,206.710","1,206.710","1,206.710","1,206.710","0.24%"
"Aug 28, 2018","1,203.840","1,203.840","1,203.840","1,203.840","-0.19%"
"Aug 27, 2018","1,206.160","1,206.160","1,206.160","1,206.160","0.13%"
"Aug 24, 2018","1,204.600","1,204.600","1,204.600","1,204.600","-0.06%"
"Aug 23, 2018","1,205.280","1,205.280","1,205.280","1,205.280","0.00%"
"Aug 22, 2018","1,205.270","1,205.270","1,205.270","1,205.270","-0.23%"
"Aug 21, 2018","1,208.000","1,208.000","1,208.000","1,208.000","-0.14%"
"Aug 20, 2018","1,209.680","1,209.680","1,209.680","1,209.680","0.08%"
"Aug 17, 2018","1,208.690","1,208.690","1,208.690","1,208.690","-0.01%"
"Aug 16, 2018","1,208.820","1,208.820","1,208.820","1,208.820","-0.48%"
"Aug 14, 2018","1,214.710","1,214.710","1,214.710","1,214.710","0.43%"
"Aug 13, 2018","1,209.480","1,209.480","1,209.480","1,209.480","-0.43%"
"Aug 10, 2018","1,214.710","1,214.710","1,214.710","1,214.710","-0.01%"
"Aug 09, 2018","1,214.780","1,214.780","1,214.780","1,214.780","0.14%"
"Aug 08, 2018","1,213.050","1,213.050","1,213.050","1,213.050","-0.12%"
"Aug 07, 2018","1,214.550","1,214.550","1,214.550","1,214.550","0.11%"
"Aug 06, 2018","1,213.210","1,213.210","1,213.210","1,213.210","0.21%"
"Aug 03, 2018","1,210.700","1,210.700","1,210.700","1,210.700","0.38%"
"Aug 02, 2018","1,206.090","1,206.090","1,206.090","1,206.090","0.07%"
"Aug 01, 2018","1,205.270","1,205.270","1,205.270","1,205.270","0.03%"
"Jul 31, 2018","1,204.940","1,204.940","1,204.940","1,204.940","0.09%"
"Jul 30, 2018","1,203.870","1,203.870","1,203.870","1,203.870","-0.58%"
"Jul 27, 2018","1,210.860","1,210.860","1,210.860","1,210.860","0.01%"
"Jul 26, 2018","1,210.720","1,210.720","1,210.720","1,210.720","0.33%"
"Jul 25, 2018","1,206.790","1,206.790","1,206.790","1,206.790","0.31%"
"Jul 24, 2018","1,203.080","1,203.080","1,203.080","1,203.080","0.20%"
"Jul 23, 2018","1,200.690","1,200.690","1,200.690","1,200.690","-0.01%"
"Jul 20, 2018","1,200.860","1,200.860","1,200.860","1,200.860","-0.43%"
"Jul 19, 2018","1,206.090","1,206.090","1,206.090","1,206.090","-0.15%"
"Jul 18, 2018","1,207.930","1,207.930","1,207.930","1,207.930","0.34%"
"Jul 17, 2018","1,203.840","1,203.840","1,203.840","1,203.840","0.29%"
"Jul 16, 2018","1,200.400","1,200.400","1,200.400","1,200.400","-0.22%"
"Jul 13, 2018","1,203.030","1,203.030","1,203.030","1,203.030","0.09%"
"Jul 12, 2018","1,201.890","1,201.890","1,201.890","1,201.890","0.64%"
"Jul 11, 2018","1,194.280","1,194.280","1,194.280","1,194.280","-0.58%"
"Jul 10, 2018","1,201.190","1,201.190","1,201.190","1,201.190","0.45%"
"Jul 09, 2018","1,195.800","1,195.800","1,195.800","1,195.800","0.47%"
"Jul 06, 2018","1,190.250","1,190.250","1,190.250","1,190.250","0.20%"
"Jul 05, 2018","1,187.900","1,187.900","1,187.900","1,187.900","0.10%"
"Jul 04, 2018","1,186.710","1,186.710","1,186.710","1,186.710","-0.01%"
"Jul 03, 2018","1,186.790","1,186.790","1,186.790","1,186.790","0.04%"
"Jul 02, 2018","1,186.290","1,186.290","1,186.290","1,186.290","-0.10%"
"Jun 29, 2018","1,187.440","1,187.440","1,187.440","1,187.440","-0.01%"
"Jun 28, 2018","1,187.580","1,187.580","1,187.580","1,187.580","-0.06%"
"Jun 27, 2018","1,188.330","1,188.330","1,188.330","1,188.330","0.01%"
"Jun 26, 2018","1,188.170","1,188.170","1,188.170","1,188.170","0.16%"
"Jun 25, 2018","1,186.330","1,186.330","1,186.330","1,186.330","-1.16%"
"Jun 22, 2018","1,200.290","1,200.290","1,200.290","1,200.290","0.21%"
"Jun 21, 2018","1,197.780","1,197.780","1,197.780","1,197.780","-0.63%"
"Jun 20, 2018","1,205.370","1,205.370","1,205.370","1,205.370","0.18%"
"Jun 19, 2018","1,203.180","1,203.180","1,203.180","1,203.180","-0.48%"
"Jun 18, 2018","1,208.940","1,208.940","1,208.940","1,208.940","-0.22%"
"Jun 15, 2018","1,211.590","1,211.590","1,211.590","1,211.590","-0.28%"
"Jun 14, 2018","1,214.940","1,214.940","1,214.940","1,214.940","0.79%"
"Jun 13, 2018","1,205.380","1,205.380","1,205.380","1,205.380","-0.05%"
"Jun 12, 2018","1,206.020","1,206.020","1,206.020","1,206.020","0.08%"
"Jun 11, 2018","1,205.090","1,205.090","1,205.090","1,205.090","0.06%"
"Jun 08, 2018","1,204.360","1,204.360","1,204.360","1,204.360","0.23%"
"Jun 07, 2018","1,201.540","1,201.540","1,201.540","1,201.540","-0.46%"
"Jun 06, 2018","1,207.140","1,207.140","1,207.140","1,207.140","-0.21%"
"Jun 05, 2018","1,209.720","1,209.720","1,209.720","1,209.720","-0.04%"
"Jun 04, 2018","1,210.160","1,210.160","1,210.160","1,210.160","0.17%"
"Jun 01, 2018","1,208.150","1,208.150","1,208.150","1,208.150","0.54%"
"May 31, 2018","1,201.620","1,201.620","1,201.620","1,201.620","-0.38%"
"May 30, 2018","1,206.150","1,206.150","1,206.150","1,206.150","0.18%"
"May 29, 2018","1,204.040","1,204.040","1,204.040","1,204.040","-0.81%"
"May 28, 2018","1,213.900","1,213.900","1,213.900","1,213.900","0.01%"
"May 25, 2018","1,213.790","1,213.790","1,213.790","1,213.790","0.16%"
"May 24, 2018","1,211.840","1,211.840","1,211.840","1,211.840","-0.18%"
"May 23, 2018","1,214.000","1,214.000","1,214.000","1,214.000","-0.07%"
"May 22, 2018","1,214.810","1,214.810","1,214.810","1,214.810","0.29%"
"May 18, 2018","1,211.240","1,211.240","1,211.240","1,211.240","-0.16%"
"May 17, 2018","1,213.190","1,213.190","1,213.190","1,213.190","0.13%"
"May 16, 2018","1,211.580","1,211.580","1,211.580","1,211.580","0.41%"
"May 15, 2018","1,206.590","1,206.590","1,206.590","1,206.590","0.14%"
"May 14, 2018","1,204.900","1,204.900","1,204.900","1,204.900","0.08%"
"May 09, 2018","1,203.980","1,203.980","1,203.980","1,203.980","0.23%"
"May 08, 2018","1,201.260","1,201.260","1,201.260","1,201.260","0.24%"
"May 07, 2018","1,198.380","1,198.380","1,198.380","1,198.380","0.36%"
"May 04, 2018","1,194.110","1,194.110","1,194.110","1,194.110","0.32%"
"May 03, 2018","1,190.290","1,190.290","1,190.290","1,190.290","-0.32%"
"May 02, 2018","1,194.160","1,194.160","1,194.160","1,194.160","0.28%"
"Apr 30, 2018","1,190.770","1,190.770","1,190.770","1,190.770","0.06%"
"Apr 27, 2018","1,190.110","1,190.110","1,190.110","1,190.110","0.17%"
"Apr 26, 2018","1,188.130","1,188.130","1,188.130","1,188.130","0.73%"
"Apr 25, 2018","1,179.530","1,179.530","1,179.530","1,179.530","-0.28%"
"Apr 24, 2018","1,182.900","1,182.900","1,182.900","1,182.900","-0.16%"
"Apr 23, 2018","1,184.820","1,184.820","1,184.820","1,184.820","-0.01%"
"Apr 20, 2018","1,184.980","1,184.980","1,184.980","1,184.980","0.01%"
"Apr 19, 2018","1,184.830","1,184.830","1,184.830","1,184.830","-0.10%"
"Apr 18, 2018","1,185.970","1,185.970","1,185.970","1,185.970","0.18%"
"Apr 17, 2018","1,183.880","1,183.880","1,183.880","1,183.880","0.48%"
"Apr 16, 2018","1,178.220","1,178.220","1,178.220","1,178.220","-0.17%"
"Apr 13, 2018","1,180.210","1,180.210","1,180.210","1,180.210","-0.09%"
"Apr 12, 2018","1,181.260","1,181.260","1,181.260","1,181.260","0.51%"
"Apr 11, 2018","1,175.270","1,175.270","1,175.270","1,175.270","-0.24%"
"Apr 10, 2018","1,178.060","1,175.150","1,175.150","1,175.150","0.45%"
"Apr 09, 2018","1,172.750","1,172.750","1,172.750","1,172.750","0.32%"
"Apr 04, 2018","1,168.970","1,168.970","1,168.970","1,168.970","-0.11%"
"Apr 03, 2018","1,170.290","1,170.290","1,170.290","1,170.290","-0.31%"
"Mar 29, 2018","1,173.880","1,173.880","1,173.880","1,173.880","0.57%"
"Mar 28, 2018","1,167.180","1,167.180","1,167.180","1,167.180","0.06%"
"Mar 27, 2018","1,166.480","1,166.480","1,166.480","1,166.480","0.24%"
"Mar 26, 2018","1,163.680","1,163.680","1,163.680","1,163.680","0.10%"
"Mar 23, 2018","1,162.560","1,162.560","1,162.560","1,162.560","-0.94%"
"Mar 22, 2018","1,173.590","1,173.590","1,173.590","1,173.590","-1.18%"
"Mar 21, 2018","1,187.610","1,187.610","1,187.610","1,187.610","-0.02%"
"Mar 20, 2018","1,187.790","1,187.790","1,187.790","1,187.790","0.30%"
"Mar 19, 2018","1,184.280","1,184.280","1,184.280","1,184.280","-0.79%"
"Mar 16, 2018","1,193.700","1,193.700","1,193.700","1,193.700","0.18%"
"Mar 15, 2018","1,191.560","1,191.560","1,191.560","1,191.560","0.16%"
"Mar 14, 2018","1,189.600","1,189.600","1,189.600","1,189.600","-0.13%"
"Mar 13, 2018","1,191.120","1,191.120","1,191.120","1,191.120","-0.66%"
"Mar 12, 2018","1,199.090","1,199.090","1,199.090","1,199.090","1.58%"
"Mar 07, 2018","1,180.470","1,180.470","1,180.470","1,180.470","-0.02%"
"Mar 06, 2018","1,180.700","1,180.700","1,180.700","1,180.700","0.18%"
"Mar 05, 2018","1,178.580","1,178.580","1,178.580","1,178.580","0.34%"
"Mar 02, 2018","1,174.630","1,174.630","1,174.630","1,174.630","-1.01%"
"Mar 01, 2018","1,186.590","1,186.590","1,186.590","1,186.590","-0.72%"
"Feb 28, 2018","1,195.150","1,195.150","1,195.150","1,195.150","-0.37%"
"Feb 27, 2018","1,199.560","1,199.560","1,199.560","1,199.560","-0.09%"
"Feb 26, 2018","1,200.610","1,200.610","1,200.610","1,200.610","0.42%"
"Feb 23, 2018","1,195.580","1,195.580","1,195.580","1,195.580","0.56%"
"Feb 22, 2018","1,188.940","1,188.940","1,188.940","1,188.940","-0.16%"
"Feb 21, 2018","1,190.840","1,190.840","1,190.840","1,190.840","0.18%"
"Feb 20, 2018","1,188.690","1,188.690","1,188.690","1,188.690","0.10%"
"Feb 19, 2018","1,187.560","1,187.560","1,187.560","1,187.560","0.21%"
"Feb 16, 2018","1,185.090","1,185.090","1,185.090","1,185.090","0.55%"
"Feb 15, 2018","1,178.650","1,178.650","1,178.650","1,178.650","0.22%"
"Feb 14, 2018","1,176.090","1,176.090","1,176.090","1,176.090","0.40%"
"Feb 13, 2018","1,171.450","1,171.450","1,171.450","1,171.450","-0.43%"
"Feb 12, 2018","1,176.540","1,176.540","1,176.540","1,176.540","0.51%"
"Feb 09, 2018","1,170.600","1,170.600","1,170.600","1,170.600","-0.49%"
"Feb 08, 2018","1,176.310","1,176.310","1,176.310","1,176.310","-1.03%"
"Feb 07, 2018","1,188.600","1,188.600","1,188.600","1,188.600","0.51%"
"Feb 06, 2018","1,182.520","1,182.520","1,182.520","1,182.520","-0.53%"
"Feb 05, 2018","1,188.770","1,188.770","1,188.770","1,188.770","-1.39%"
"Feb 02, 2018","1,205.510","1,205.510","1,205.510","1,205.510","-0.81%"
"Feb 01, 2018","1,215.300","1,215.300","1,215.300","1,215.300","-0.02%"
"Jan 31, 2018","1,215.600","1,215.600","1,215.600","1,215.600","-0.07%"
"Jan 30, 2018","1,216.490","1,216.490","1,216.490","1,216.490","-0.83%"
"Jan 29, 2018","1,226.710","1,226.710","1,226.710","1,226.710","-0.00%"
"Jan 26, 2018","1,226.760","1,226.760","1,226.760","1,226.760","0.53%"
"Jan 25, 2018","1,220.320","1,220.320","1,220.320","1,220.320","-0.64%"
"Jan 24, 2018","1,228.150","1,228.150","1,228.150","1,228.150","-0.35%"
"Jan 23, 2018","1,232.410","1,232.410","1,232.410","1,232.410","0.06%"
"Jan 22, 2018","1,231.610","1,231.610","1,231.610","1,231.610","0.09%"
"Jan 19, 2018","1,230.560","1,230.560","1,230.560","1,230.560","0.37%"
"Jan 18, 2018","1,226.060","1,226.060","1,226.060","1,226.060","0.04%"
"Jan 17, 2018","1,225.590","1,225.590","1,225.590","1,225.590","0.04%"
"Jan 16, 2018","1,225.050","1,225.050","1,225.050","1,225.050","0.19%"
"Jan 15, 2018","1,222.680","1,222.680","1,222.680","1,222.680","-0.38%"
"Jan 12, 2018","1,227.340","1,227.340","1,227.340","1,227.340","-0.03%"
"Jan 11, 2018","1,227.650","1,227.650","1,227.650","1,227.650","-0.10%"
"Jan 10, 2018","1,228.870","1,228.870","1,228.870","1,228.870","-0.42%"
"Jan 09, 2018","1,234.070","1,234.070","1,234.070","1,234.070","0.29%"
"Jan 08, 2018","1,230.480","1,230.480","1,230.480","1,230.480","0.32%"
"Jan 05, 2018","1,226.510","1,226.510","1,226.510","1,226.510","0.60%"
"Jan 04, 2018","1,219.150","1,219.150","1,219.150","1,219.150","0.40%"
"Jan 03, 2018","1,214.280","1,214.280","1,214.280","1,214.280","0.43%"
"Jan 02, 2018","1,209.050","1,209.050","1,209.050","1,209.050","0.09%"
"Dec 29, 2017","1,207.950","1,207.950","1,207.950","1,207.950","-0.20%"
"Dec 28, 2017","1,210.430","1,210.430","1,210.430","1,210.430","-0.25%"
"Dec 27, 2017","1,213.450","1,213.450","1,213.450","1,213.450","-0.12%"
"Dec 22, 2017","1,214.930","1,214.930","1,214.930","1,214.930","0.08%"
"Dec 21, 2017","1,213.960","1,213.960","1,213.960","1,213.960","0.13%"
"Dec 20, 2017","1,212.380","1,212.380","1,212.380","1,212.380","-0.38%"
"Dec 19, 2017","1,216.970","1,216.970","1,216.970","1,216.970","-0.16%"
"Dec 18, 2017","1,218.860","1,218.860","1,218.860","1,218.860","0.50%"
"Dec 15, 2017","1,212.740","1,212.740","1,212.740","1,212.740","0.06%"
"Dec 14, 2017","1,212.010","1,212.010","1,212.010","1,212.010","-0.28%"
"Dec 13, 2017","1,215.460","1,215.460","1,215.460","1,215.460","-0.15%"
"Dec 12, 2017","1,217.340","1,217.340","1,217.340","1,217.340","-1.81%"
"Dec 11, 2017","1,239.760","1,239.760","1,239.760","1,239.760","-0.07%"
"Dec 08, 2017","1,240.610","1,240.610","1,240.610","1,240.610","0.48%"
"Dec 07, 2017","1,234.640","1,234.640","1,234.640","1,234.640","0.14%"
"Dec 06, 2017","1,232.870","1,232.870","1,232.870","1,232.870","-0.06%"
"Dec 05, 2017","1,233.600","1,233.600","1,233.600","1,233.600","-0.13%"
"Dec 04, 2017","1,235.210","1,235.210","1,235.210","1,235.210","0.35%"
"Dec 01, 2017","1,230.920","1,230.920","1,230.920","1,230.920","-0.22%"
"Nov 30, 2017","1,233.610","1,233.610","1,233.610","1,233.610","-0.24%"
"Nov 29, 2017","1,236.530","1,236.530","1,236.530","1,236.530","0.16%"
"Nov 28, 2017","1,234.530","1,234.530","1,234.530","1,234.530","0.47%"
"Nov 27, 2017","1,228.770","1,228.770","1,228.770","1,228.770","-0.14%"
"Nov 24, 2017","1,230.540","1,230.540","1,230.540","1,230.540","-0.16%"
"Nov 23, 2017","1,232.540","1,232.540","1,232.540","1,232.540","-0.19%"
"Nov 22, 2017","1,234.870","1,234.870","1,234.870","1,234.870","-0.20%"
"Nov 21, 2017","1,237.330","1,237.330","1,237.330","1,237.330","0.43%"
"Nov 20, 2017","1,232.040","1,232.040","1,232.040","1,232.040","0.37%"
"Nov 17, 2017","1,227.490","1,227.490","1,227.490","1,227.490","-0.08%"
"Nov 16, 2017","1,228.430","1,228.430","1,228.430","1,228.430","0.67%"
"Nov 15, 2017","1,220.260","1,220.260","1,220.260","1,220.260","-0.57%"
"Nov 14, 2017","1,227.210","1,227.210","1,227.210","1,227.210","-0.57%"
"Nov 13, 2017","1,234.270","1,234.270","1,234.270","1,234.270","-0.31%"
"Nov 10, 2017","1,238.160","1,238.160","1,238.160","1,238.160","-0.33%"
"Nov 09, 2017","1,242.260","1,242.260","1,242.260","1,242.260","-0.48%"
"Nov 08, 2017","1,248.300","1,248.300","1,248.300","1,248.300","-0.14%"
"Nov 07, 2017","1,250.100","1,250.100","1,250.100","1,250.100","-0.02%"
"Nov 06, 2017","1,250.370","1,250.370","1,250.370","1,250.370","0.20%"
"Nov 03, 2017","1,247.900","1,247.900","1,247.900","1,247.900","0.15%"
"Nov 02, 2017","1,246.000","1,246.000","1,246.000","1,246.000","0.00%"
"Oct 31, 2017","1,245.970","1,245.970","1,245.970","1,245.970","0.08%"
"Oct 30, 2017","1,245.030","1,245.030","1,245.030","1,245.030","-0.15%"
"Oct 27, 2017","1,246.940","1,246.940","1,246.940","1,246.940","0.61%"
"Oct 26, 2017","1,239.340","1,239.340","1,239.340","1,239.340","0.62%"
"Oct 25, 2017","1,231.670","1,231.670","1,231.670","1,231.670","-0.33%"
"Oct 24, 2017","1,235.780","1,235.780","1,235.780","1,235.780","-0.19%"
"Oct 23, 2017","1,238.080","1,238.080","1,238.080","1,238.080","0.12%"
"Oct 20, 2017","1,236.610","1,236.610","1,236.610","1,236.610","0.38%"
"Oct 19, 2017","1,231.980","1,231.980","1,231.980","1,231.980","-0.51%"
"Oct 18, 2017","1,238.240","1,238.240","1,238.240","1,238.240","0.09%"
"Oct 17, 2017","1,237.180","1,237.180","1,237.180","1,237.180","0.03%"
"Oct 16, 2017","1,236.790","1,236.790","1,236.790","1,236.790","0.21%"
"Oct 13, 2017","1,234.160","1,234.160","1,234.160","1,234.160","0.17%"
"Oct 12, 2017","1,232.120","1,232.120","1,232.120","1,232.120","0.02%"
"Oct 11, 2017","1,231.880","1,231.880","1,231.880","1,231.880","-0.06%"
"Oct 10, 2017","1,232.610","1,232.610","1,232.610","1,232.610","-0.19%"
"Oct 09, 2017","1,234.930","1,234.930","1,234.930","1,234.930","-0.06%"
"Oct 06, 2017","1,235.640","1,235.640","1,235.640","1,235.640","-0.22%"
"Oct 05, 2017","1,238.350","1,238.350","1,238.350","1,238.350","0.20%"
"Oct 04, 2017","1,235.920","1,235.920","1,235.920","1,235.920","0.07%"
"Oct 03, 2017","1,235.090","1,235.090","1,235.090","1,235.090","0.12%"
"Oct 02, 2017","1,233.550","1,233.550","1,233.550","1,233.550","0.58%"
"Sep 29, 2017","1,226.480","1,226.480","1,226.480","1,226.480","0.16%"
"Sep 28, 2017","1,224.480","1,224.480","1,224.480","1,224.480","-0.14%"
"Sep 27, 2017","1,226.160","1,226.160","1,226.160","1,226.160","0.14%"
"Sep 26, 2017","1,224.420","1,224.420","1,224.420","1,224.420","0.32%"
"Sep 25, 2017","1,220.520","1,220.520","1,220.520","1,220.520","0.31%"
"Sep 22, 2017","1,216.770","1,216.770","1,216.770","1,216.770","-0.09%"
"Sep 21, 2017","1,217.900","1,217.900","1,217.900","1,217.900","0.05%"
"Sep 20, 2017","1,217.270","1,217.270","1,217.270","1,217.270","0.03%"
"Sep 19, 2017","1,216.860","1,216.860","1,216.860","1,216.860","-0.06%"
"Sep 18, 2017","1,217.530","1,217.530","1,217.530","1,217.530","0.20%"
"Sep 15, 2017","1,215.040","1,215.040","1,215.040","1,215.040","-0.34%"
"Sep 14, 2017","1,219.140","1,219.140","1,219.140","1,219.140","0.06%"
"Sep 13, 2017","1,218.400","1,218.400","1,218.400","1,218.400","0.14%"
"Sep 12, 2017","1,216.650","1,216.650","1,216.650","1,216.650","0.27%"
"Sep 11, 2017","1,213.340","1,213.340","1,213.340","1,213.340","0.67%"
"Sep 08, 2017","1,205.220","1,205.220","1,205.220","1,205.220","0.02%"
"Sep 07, 2017","1,205.030","1,205.030","1,205.030","1,205.030","-0.15%"
"Sep 06, 2017","1,206.830","1,206.830","1,206.830","1,206.830","0.02%"
"Sep 05, 2017","1,206.540","1,206.540","1,206.540","1,206.540","-0.13%"
"Sep 04, 2017","1,208.150","1,208.150","1,208.150","1,208.150","-0.27%"
"Sep 01, 2017","1,211.440","1,211.440","1,211.440","1,211.440","0.39%"
"Aug 31, 2017","1,206.760","1,206.760","1,206.760","1,206.760","0.51%"
"Aug 30, 2017","1,200.680","1,200.680","1,200.680","1,200.680","0.72%"
"Aug 29, 2017","1,192.110","1,192.110","1,192.110","1,192.110","-0.51%"
"Aug 28, 2017","1,198.210","1,198.210","1,198.210","1,198.210","-0.44%"
"Aug 25, 2017","1,203.540","1,203.540","1,203.540","1,203.540","-0.16%"
"Aug 24, 2017","1,205.420","1,205.420","1,205.420","1,205.420","0.10%"
"Aug 23, 2017","1,204.190","1,204.190","1,204.190","1,204.190","-0.34%"
"Aug 22, 2017","1,208.240","1,208.240","1,208.240","1,208.240","0.64%"
"Aug 21, 2017","1,200.590","1,200.590","1,200.590","1,200.590","-0.27%"
"Aug 18, 2017","1,203.860","1,203.860","1,203.860","1,203.860","-0.45%"
"Aug 17, 2017","1,209.310","1,209.310","1,209.310","1,209.310","-0.41%"
"Aug 16, 2017","1,214.240","1,214.240","1,214.240","1,214.240","0.60%"
"Aug 14, 2017","1,207.000","1,207.000","1,207.000","1,207.000","0.57%"
"Aug 11, 2017","1,200.190","1,200.190","1,200.190","1,200.190","-1.02%"
"Aug 09, 2017","1,212.520","1,212.520","1,212.520","1,212.520","-0.33%"
"Aug 08, 2017","1,216.580","1,216.580","1,216.580","1,216.580","0.21%"
"Aug 07, 2017","1,214.060","1,214.060","1,214.060","1,214.060","-0.14%"
"Aug 04, 2017","1,215.800","1,215.800","1,215.800","1,215.800","0.64%"
"Aug 03, 2017","1,208.060","1,208.060","1,208.060","1,208.060","-0.10%"
"Aug 02, 2017","1,209.280","1,209.280","1,209.280","1,209.280","-0.24%"
"Aug 01, 2017","1,212.200","1,212.200","1,212.200","1,212.200","0.12%"
"Jul 31, 2017","1,210.800","1,210.800","1,210.800","1,210.800","-0.19%"
"Jul 28, 2017","1,213.140","1,213.140","1,213.140","1,213.140","-0.68%"
"Jul 27, 2017","1,221.500","1,221.500","1,221.500","1,221.500","-0.03%"
"Jul 26, 2017","1,221.820","1,221.820","1,221.820","1,221.820","0.16%"
"Jul 25, 2017","1,219.860","1,219.860","1,219.860","1,219.860","-0.01%"
"Jul 24, 2017","1,219.950","1,219.950","1,219.950","1,219.950","-0.47%"
"Jul 20, 2017","1,225.740","1,225.740","1,225.740","1,225.740","-0.40%"